ID,Votes
tt0060317,57
tt0069049,4150
tt0069204,13
tt0170651,5
tt0192528,68
tt0253093,6
tt0277964,31
tt0306065,98
tt0328810,59
tt0337981,62
tt0357717,9
tt0360556,13823
tt0365545,5981
tt0427543,114
tt0432010,46
tt0825334,49
tt0849437,35
tt0850247,13
tt0859635,18762
tt0862930,286
tt0933876,314
tt0972544,2588
tt10022158,6
tt1034415,29395
tt1072748,23116
tt1127881,58
tt1137450,47170
tt1146918,28
tt1213641,108575
tt1226837,26269
tt1235187,997
tt1255919,11236
tt1259528,66361
tt1270797,250493
tt1273221,2099
tt1285009,20671
tt1289403,20691
tt1308728,15427
tt1318517,6209
tt1319706,6
tt1326219,33
tt1329350,49
tt1337180,13
tt1352771,37
tt1365519,156959
tt1389098,215
tt1413492,47642
tt1458902,19
tt1464763,24509
tt1477834,209310
tt1493881,50
tt1502407,81269
tt1508012,8
tt1517451,222962
tt1525916,77
tt1563742,23091
tt1571234,54469
tt1590193,79521
tt1595021,19
tt1620680,33706
tt1662546,29
tt1677720,288853
tt1682886,576
tt1682956,6
tt1690543,12
tt1690967,1451
tt1727254,146
tt1727824,309721
tt1737110,41
tt1754316,63
tt1754650,8
tt1759744,136
tt1765679,16
tt1773753,3883
tt1780790,93
tt1794951,28
tt1799516,2605
tt1801552,9372
tt1825683,483972
tt1826956,53
tt1838708,40
tt1843303,13
tt1846589,29143
tt1849772,40
tt1858788,14
tt1871361,8
tt1879017,26
tt1884378,396
tt1885322,49
tt1885325,141
tt1893269,374
tt1922544,257
tt1937340,320
tt1971310,251
tt1977094,606
tt1986097,7
tt1999130,32
tt1999890,7764
tt1999929,8
tt2011311,15548
tt2018069,3580
tt2034176,686
tt2039349,72
tt2043993,561
tt2050452,224
tt2060503,33
tt2069797,4067
tt2071600,226
tt2081306,13
tt2091245,213
tt2093980,6
tt2098669,127
tt2119543,29936
tt2126357,8997
tt2139845,13
tt2140629,4001
tt2149542,179
tt2150177,410
tt2160105,4458
tt2160125,24
tt2179171,37
tt2179231,378
tt2180583,16
tt2201211,187
tt2221755,8
tt2226440,235
tt2231461,110312
tt2233979,399
tt2237324,3255
tt2239876,43
tt2243456,8
tt2243900,1381
tt2258724,21
tt2262044,50
tt2268018,458
tt2278050,70
tt2281442,120
tt2296777,7531
tt2315596,6443
tt2316329,36
tt2316479,1190
tt2323912,21
tt2328772,19
tt2328900,18932
tt2355880,27
tt2368254,7603
tt2372251,7691
tt2377752,375
tt2386237,6838
tt2388771,42061
tt2392748,2305
tt2395271,18
tt2397617,41
tt2399430,7
tt2400305,19
tt2401211,6
tt2401825,655
tt2402114,52
tt2402578,46
tt2404639,2780
tt2418644,69
tt2431458,8
tt2433118,14
tt2445568,242
tt2448130,5
tt2458010,74
tt2459244,8
tt2463842,264
tt2470060,22
tt2482856,17
tt2486792,44
tt2490148,137
tt2530316,144
tt2531344,53851
tt2534642,82
tt2548396,80841
tt2556640,11
tt2557478,85604
tt2564088,6
tt2570500,242
tt2574538,9
tt2577636,15
tt2606314,87
tt2619512,1547
tt2639336,3012
tt2651724,134
tt2654536,15
tt2657538,6
tt2670882,562
tt2677064,1839
tt2677722,376
tt2690226,17
tt2690634,829
tt2700194,121
tt2703882,8
tt2704998,154729
tt2709692,26814
tt2713980,5
tt2728784,189
tt2737304,200401
tt2759338,211
tt2762662,384
tt2766104,380
tt2771252,8
tt2787302,975
tt2797930,13
tt2798920,218547
tt2802062,117
tt2825596,31
tt2828344,13
tt2837574,21943
tt2838568,284
tt2850272,50
tt2854926,76203
tt2873282,131431
tt2908486,16
tt2924392,2066
tt2924488,56
tt2936390,1851
tt2948160,4180
tt2949654,5
tt2966504,76
tt2967856,572
tt2977400,6
tt2981746,38
tt2984576,456
tt2987806,117
tt2990140,34569
tt2993848,383
tt3024324,521
tt3027994,78
tt3034316,6
tt3037588,26
tt3038808,80
tt3041550,961
tt3053228,6425
tt3060342,13
tt3063252,9
tt3064338,22
tt3068544,331
tt3072732,1027
tt3076510,223
tt3079568,157
tt3096782,291
tt3100938,10
tt3101140,8
tt3104988,84706
tt3107166,485
tt3111306,65
tt3111516,49
tt3113836,267
tt3114938,7
tt3118968,15
tt3120280,24425
tt3127016,247
tt3131050,627
tt3142428,93
tt3146022,47
tt3160336,14
tt3165632,1248
tt3177226,38
tt3177320,8
tt3180548,61
tt3183646,7
tt3196418,35
tt3200412,28
tt3201640,35844
tt3201736,454
tt3203528,12475
tt3208026,5914
tt3209242,6
tt3219686,8
tt3220900,11
tt3221910,32
tt3226786,1045
tt3240102,7
tt3244986,8
tt3258136,23
tt3260760,30
tt3261114,126
tt3263946,38
tt3274690,46
tt3279834,7
tt3289080,310
tt3289724,3665
tt3294746,223
tt3302344,8
tt3309874,16
tt3312180,454
tt3313182,431
tt3317234,20747
tt3319730,4986
tt3323800,10
tt3326106,14
tt3329456,144
tt3330948,368
tt3334418,1695
tt3339376,126
tt3339680,713
tt3343750,7
tt3344686,29
tt3350432,7
tt3353822,12
tt3355486,247
tt3362670,29
tt3370702,100
tt3373410,85
tt3385524,10146
tt3390260,6
tt3397096,71
tt3400616,16
tt3415354,20
tt3418064,175
tt3418260,14
tt3419036,5
tt3425408,40
tt3429968,9
tt3439694,11
tt3444206,229
tt3445702,1202
tt3446330,480
tt3451984,479
tt3452966,23
tt3458254,5377
tt3458510,4911
tt3458560,9
tt3458760,1677
tt3463230,10
tt3473874,8
tt3484312,17
tt3486210,257
tt3487610,1586
tt3496790,546
tt3503068,26
tt3503924,7
tt3512606,12
tt3512626,5
tt3514532,16
tt3517306,1112
tt3521254,19
tt3525168,2252
tt3526622,154
tt3533612,20
tt3543360,20
tt3543918,318
tt3552348,158
tt3554336,10
tt3555514,51
tt3562148,5
tt3563342,114
tt3565066,92
tt3580692,30
tt3588588,1447
tt3593946,6
tt3606756,188940
tt3608914,8
tt3615952,412
tt3619070,800
tt3625782,14
tt3628356,47
tt3628574,444
tt3638444,20
tt3641064,9
tt3643544,3472
tt3643612,17
tt3645988,318
tt3661570,514
tt3665498,2842
tt3674018,155
tt3680820,76
tt3685236,12123
tt3689528,21
tt3692634,17
tt3695346,308
tt3696764,24
tt3701610,35
tt3709552,1172
tt3710616,25
tt3711510,3272
tt3713222,52
tt3714492,102
tt3719228,5
tt3721964,20314
tt3722052,65
tt3722234,3087
tt3727750,5
tt3728130,26
tt3728852,11
tt3729034,62
tt3729980,15
tt3731778,7
tt3732280,1745
tt3737030,6
tt3739884,10
tt3745558,95
tt3746266,6
tt3749372,6
tt3750538,5
tt3754662,111
tt3756780,39
tt3756806,5
tt3759298,3452
tt3759912,37
tt3764198,325
tt3765310,35
tt3766354,88239
tt3766382,533
tt3767208,76
tt3767278,895
tt3769038,118
tt3778644,213072
tt3783510,32
tt3786198,31
tt3799232,40802
tt3801032,8
tt3801544,8
tt3806820,15
tt3807352,45
tt3809960,77
tt3811800,10
tt3813018,26
tt3823392,676
tt3824722,24
tt3829266,87255
tt3833682,415
tt3842562,6
tt3846674,57146
tt3848600,98
tt3855546,26
tt3859382,11
tt3867436,6
tt3875548,43
tt3889462,13
tt3891436,11
tt3892172,30403
tt3892962,13
tt3894958,99
tt3895908,33
tt3905764,3155
tt3907284,104
tt3908826,38
tt3914684,12
tt3920820,25
tt3921694,5
tt3951826,5
tt3953420,11
tt3954646,617
tt3956336,180
tt3957914,14
tt3960240,2938
tt3960820,62
tt3966706,25
tt3967878,2246
tt3968634,10
tt3973724,265
tt3978358,36
tt3983996,9
tt3989740,15
tt3991302,186
tt4003070,1413
tt4003440,30213
tt4006302,1024
tt4008864,69
tt4009728,209
tt4011544,7
tt4012916,20
tt4015500,9434
tt4019346,11
tt4023464,21
tt4026044,231
tt4035304,155
tt4037876,95
tt4039842,24
tt4042818,640
tt4052050,3817
tt4057146,616
tt4060006,540
tt4060498,19
tt4065382,14
tt4067106,152
tt4067358,7
tt4068576,335
tt4073790,19064
tt4076500,8
tt4080400,91
tt4084672,16
tt4085258,5
tt4086018,1285
tt4087816,76
tt4103470,826
tt4103724,9346
tt4110388,705
tt4113346,19
tt4113850,6
tt4114302,165
tt4121152,7
tt4123430,143547
tt4123650,1300
tt4126870,5
tt4130484,4735
tt4131496,5744
tt4136644,42
tt4136828,274
tt4138254,127
tt4150978,18
tt4151198,16
tt4151320,212
tt4154756,608509
tt4154916,11847
tt4156300,5
tt4157058,67
tt4161376,10
tt4168280,99
tt4168628,10
tt4168932,15
tt4172510,280
tt4177018,131
tt4177670,61
tt4177856,253
tt4180556,500
tt4183140,9
tt4183200,98
tt4187366,41
tt4189080,9
tt4192066,15
tt4192552,12
tt4194054,14
tt4194608,8
tt4202970,428
tt4203788,14
tt4205512,38
tt4209174,716
tt4211620,55
tt4218012,17
tt4218572,53247
tt4218998,241
tt4223310,42
tt4224754,293
tt4225092,121
tt4229864,179
tt4232066,438
tt4240848,10
tt4241778,29
tt4244998,37692
tt4263780,131
tt4264610,126
tt4265500,19
tt4266076,5409
tt4268054,57
tt4269118,1137
tt4269256,56
tt4270452,58
tt4272776,15
tt4278346,86
tt4287234,322
tt4287470,459
tt4301502,29
tt4306742,15
tt4312842,105
tt4317858,29
tt4318576,9
tt4318696,45
tt4320180,9
tt4323370,691
tt4325644,11
tt4327418,12
tt4329242,31
tt4329936,15
tt4335954,196
tt4344742,81
tt4346036,15
tt4347994,120
tt4357394,19260
tt4360924,191
tt4369136,196
tt4372572,10
tt4374286,527
tt4374864,342
tt4378628,444
tt4380142,8
tt4381382,5
tt4382792,9
tt4384500,11
tt4387314,49
tt4389006,34
tt4397342,188
tt4400784,27
tt4408104,19
tt4409276,30
tt4410000,1170
tt4411234,1894
tt4416800,13
tt4421800,71
tt4422886,21
tt4429814,15
tt4441348,19
tt4443974,186
tt4445490,309
tt4454078,552
tt4454834,155
tt4457008,33
tt4459806,36
tt4463816,13631
tt4465438,164
tt4465538,14
tt4465572,62
tt4469144,14
tt4469518,725
tt4470288,1510
tt4472096,50
tt4473488,37
tt4477536,41968
tt4478014,13
tt4481066,444
tt4484636,68
tt4487076,34
tt4488744,98
tt4489624,125
tt4491146,44
tt4494798,12
tt4500922,87452
tt4503112,6
tt4504144,9
tt4509494,16
tt4510218,56
tt4518962,588
tt4519488,1117
tt4520518,495
tt4523144,17
tt4524418,517
tt4530422,47178
tt4532826,34610
tt4537826,49
tt4537896,13366
tt4538294,212
tt4546326,8
tt4552546,274
tt4560436,43904
tt4560926,106
tt4564560,13
tt4565230,21
tt4566282,11
tt4566780,227
tt4568960,18
tt4571278,44
tt4572700,110
tt4575328,5747
tt4575576,46816
tt4578598,144
tt4580550,480
tt4581672,11
tt4586918,7
tt4590434,6
tt4594124,34
tt4594836,2751
tt4595882,23558
tt4600558,52
tt4602066,4000
tt4602554,446
tt4602920,27
tt4605028,58
tt4610378,4396
tt4614612,1346
tt4630466,32
tt4631048,502
tt4633694,158889
tt4637946,5
tt4638148,713
tt4642192,187
tt4643048,100
tt4643336,16
tt4645358,63
tt4650624,26
tt4667872,36
tt4668790,68
tt4669264,14220
tt4669296,3809
tt4669788,6363
tt4680368,162
tt4682128,17
tt4682136,1601
tt4682780,1953
tt4685806,5214
tt4685940,222
tt4691770,6
tt4694366,217
tt4694546,63
tt4695056,8
tt4700872,94
tt4701182,64425
tt4701724,15168
tt4702194,39
tt4702346,1491
tt4702826,2050
tt4712076,1197
tt4712618,11
tt4714710,69
tt4717422,795
tt4725842,59
tt4729642,120
tt4730224,2285
tt4733254,36
tt4733298,10
tt4733346,55
tt4734108,11
tt4737772,530
tt4738626,16
tt4738776,854
tt4738912,45
tt4743226,2251
tt4745692,5
tt4759366,8
tt4761916,11612
tt4762824,2777
tt4764490,148
tt4765240,2587
tt4766630,203
tt4767428,53
tt4768586,241
tt4773054,66
tt4776870,5
tt4777206,7
tt4778680,25
tt4779344,128
tt4779682,101977
tt4782322,138
tt4786132,1016
tt4788744,181
tt4789670,20
tt4789822,719
tt4791276,136
tt4792240,15
tt4794022,34
tt4795022,559
tt4795062,175
tt4795624,53
tt4799066,14917
tt4800378,44
tt4801080,6
tt4809590,5
tt4809964,16
tt4823494,5
tt4823538,504
tt4824316,330
tt4827420,15
tt4827558,1636
tt4832918,8
tt4834902,35
tt4836580,121
tt4837538,12
tt4839118,178
tt4840810,27
tt4841716,8
tt4843750,20
tt4844148,495
tt4844720,5
tt4847246,72
tt4851658,46
tt4856996,35
tt4857058,25
tt4857496,58
tt4859168,1548
tt4859240,22
tt4865022,5
tt4867110,608
tt4872260,135
tt4874350,76
tt4876036,13
tt4876524,77
tt4877326,21
tt4878482,17112
tt4878984,46
tt4881806,206132
tt4882708,138
tt4883336,24
tt4884028,16
tt4885700,5
tt4886352,20
tt4887106,46
tt4888982,9
tt4902266,71
tt4906764,12
tt4907206,8
tt4908174,110
tt4909730,5
tt4912910,221716
tt4915672,2584
tt4920360,118
tt4920450,164
tt4921954,12
tt4922674,79
tt4930292,26
tt4935462,100
tt4936398,43
tt4940416,2181
tt4942754,8
tt4945640,23
tt4949112,1235
tt4949288,30
tt4949388,5
tt4949412,45
tt4951982,4167
tt4958448,3034
tt4958972,24
tt4959440,661
tt4960466,12
tt4964788,14697
tt4965146,7
tt4966060,25
tt4967924,75
tt4968782,18
tt4971344,25148
tt4971408,3718
tt4974616,191
tt4976192,4539
tt4979110,172
tt4980154,109
tt4981292,17
tt4981658,9
tt4982216,5
tt4983198,19
tt4985906,183
tt4986098,23160
tt4990954,14
tt4991112,656
tt4998008,6
tt5001456,204
tt5001754,22090
tt5002444,63
tt5004776,15
tt5005462,63
tt5013782,81
tt5016750,13
tt5020726,102
tt5024048,72
tt5026652,13
tt5027320,10
tt5028340,40757
tt5028702,42
tt5028916,6
tt5031658,12
tt5034122,537
tt5037684,42
tt5037840,291
tt5038134,34
tt5038904,9
tt5039416,106
tt5039992,54
tt5040202,440
tt5046974,9
tt5050342,54
tt5051826,289
tt5052474,87716
tt5056154,25
tt5056842,300
tt5057140,25290
tt5060166,2493
tt5060874,12
tt5063368,11
tt5065290,35
tt5065678,5
tt5068162,99
tt5068902,9
tt5070240,32
tt5072612,144
tt5075662,3618
tt5076118,19
tt5076150,54
tt5078220,18
tt5078618,68
tt5080556,15547
tt5083738,97724
tt5085924,7906
tt5086308,65
tt5086770,16
tt5089932,41
tt5090094,8
tt5092380,3024
tt5094192,435
tt5095030,211826
tt5104604,101892
tt5113250,773
tt5117428,336
tt5117670,26555
tt5119160,6
tt5127756,13
tt5132392,75
tt5133808,6
tt5136864,7
tt5138338,6
tt5138766,17
tt5139926,325
tt5141260,29
tt5141862,49
tt5145662,189
tt5146612,56
tt5149490,59
tt5150228,21
tt5152484,62
tt5152882,7
tt5153288,2996
tt5160614,7
tt5160938,3542
tt5163920,8
tt5164184,9069
tt5164214,134199
tt5164432,77649
tt5164702,25
tt5165620,188
tt5168238,24
tt5169938,29
tt5176580,127
tt5176648,269
tt5177088,23628
tt5178264,10
tt5178964,490
tt5179598,7340
tt5181834,146
tt5184604,9
tt5184904,12
tt5191914,20
tt5196158,15
tt5198910,6
tt5207004,431
tt5207158,6554
tt5208252,19166
tt5208950,3251
tt5209346,14
tt5211888,20
tt5212488,83
tt5215088,4611
tt5215650,46
tt5216022,522
tt5217950,13
tt5220078,88
tt5220122,38979
tt5220724,25
tt5221184,124
tt5221360,115
tt5222768,1848
tt5223878,168
tt5224356,159
tt5226192,412
tt5226346,32
tt5227512,20
tt5227746,3926
tt5228710,120
tt5229062,6
tt5230380,273
tt5231992,157
tt5232294,189
tt5232468,25
tt5236920,13
tt5240090,56
tt5241760,451
tt5245584,7
tt5246700,34957
tt5246902,283
tt5254610,5776
tt5254728,34
tt5258106,40
tt5258128,238
tt5258194,13
tt5258388,187
tt5258726,155
tt5259598,530
tt5262162,26
tt5265964,459
tt5267472,3251
tt5268348,1591
tt5270688,39
tt5273284,9
tt5273720,570
tt5275128,39
tt5278886,237
tt5280308,15
tt5281058,15
tt5287836,5
tt5289172,5
tt5290196,64
tt5291604,789
tt5291792,1052
tt5292624,552
tt5295774,178
tt5303442,289
tt5304992,30428
tt5304996,1171
tt5305452,7
tt5311542,2556
tt5314190,1103
tt5314450,209
tt5315902,11
tt5316682,13
tt5318156,6
tt5322168,549
tt5325684,1112
tt5327410,174
tt5328348,15
tt5328466,51
tt5328602,5
tt5328694,23
tt5331854,6
tt5335244,85
tt5337544,19
tt5340594,6
tt5342090,140
tt5347122,101
tt5351576,13
tt5355890,10
tt5356318,52
tt5357790,18
tt5358438,5
tt5360936,10
tt5360952,14560
tt5360996,5338
tt5361326,488
tt5361596,283
tt5365066,83
tt5368108,76
tt5368322,22
tt5371168,3317
tt5372620,35
tt5378092,1307
tt5397194,27732
tt5419450,19
tt5419676,1073
tt5420406,30
tt5420870,153
tt5424228,876
tt5427194,2989
tt5427410,5
tt5428090,143
tt5428666,30
tt5431284,129
tt5431946,197
tt5433276,138
tt5433398,39
tt5436698,17
tt5436802,39
tt5437928,10234
tt5441464,151
tt5443372,138
tt5450040,7
tt5451118,2312
tt5456782,9
tt5459382,352
tt5460522,101
tt5460858,289
tt5460880,5203
tt5461616,16
tt5461944,1084
tt5462464,99
tt5463162,365050
tt5464164,60
tt5465970,347
tt5466186,9722
tt5466826,26
tt5467928,323
tt5468022,295
tt5470222,1177
tt5470668,10
tt5471258,161
tt5471472,135
tt5473090,1329
tt5474036,4643
tt5474678,15
tt5475734,315
tt5478446,56
tt5478918,63
tt5479590,102
tt5480520,150
tt5490896,10
tt5491352,6
tt5493516,11
tt5493944,5671
tt5494522,6
tt5495122,403
tt5495230,25
tt5496628,39
tt5497852,66
tt5501104,8225
tt5503472,600
tt5504514,24
tt5507934,419
tt5508108,33
tt5508870,61
tt5509412,112
tt5513134,8
tt5514344,54
tt5514604,6
tt5516404,325
tt5518134,5
tt5518358,175
tt5522310,318
tt5523010,16211
tt5528880,45
tt5531694,14
tt5532368,17
tt5536610,9227
tt5539276,6
tt5539924,111
tt5540608,16
tt5541002,37
tt5541186,7
tt5545880,48
tt5546270,11
tt5547910,728
tt5553436,7
tt5553810,109
tt5553962,406
tt5554042,7
tt5554204,10
tt5554314,49
tt5556152,187
tt5562054,23
tt5562804,5
tt5564336,87
tt5564792,21
tt5566778,730
tt5566790,10251
tt5566946,27
tt5571754,110
tt5572856,27
tt5575364,23
tt5575800,11
tt5580266,14881
tt5580392,2665
tt5581120,21
tt5581284,985
tt5581752,386
tt5583554,27
tt5585580,7
tt5588786,61
tt5588938,12
tt5589212,20
tt5589362,16
tt5591666,5444
tt5591834,38
tt5592796,110
tt5594352,40
tt5594898,17
tt5596104,551
tt5596962,21
tt5598578,36
tt5601424,283
tt5604902,138
tt5605076,3478
tt5607038,24
tt5607096,9973
tt5607290,9
tt5607810,9
tt5608000,78
tt5610554,38338
tt5610638,7
tt5610950,111
tt5611404,51
tt5611432,18
tt5613484,16781
tt5616294,6466
tt5617310,688
tt5617916,73
tt5618160,159
tt5618318,25
tt5619044,10
tt5619332,23980
tt5622412,2815
tt5622660,110
tt5628236,30
tt5629524,1799
tt5630030,260
tt5630752,22
tt5634336,74
tt5634556,90
tt5636922,205
tt5637098,16
tt5639446,2998
tt5639898,882
tt5639996,8
tt5642914,11
tt5643730,147
tt5644050,525
tt5644498,57
tt5645932,240
tt5646082,67
tt5646604,59
tt5651572,24
tt5657280,583
tt5658672,15
tt5664222,11
tt5664636,9750
tt5668822,128
tt5670152,16230
tt5670364,16
tt5670732,47
tt5671298,138
tt5673714,360
tt5676048,7
tt5677598,26
tt5685006,2122
tt5685652,28
tt5685664,9
tt5686062,1483
tt5686622,923
tt5687414,156
tt5688868,2059
tt5688932,36426
tt5688996,10810
tt5690360,17430
tt5690810,430
tt5690992,92
tt5691024,3304
tt5691084,812
tt5691670,12249
tt5692390,2525
tt5695316,15
tt5696326,504
tt5697722,17
tt5697990,141
tt5698834,173
tt5699180,23
tt5700182,82
tt5702446,531
tt5705306,27
tt5707048,742
tt5709188,5716
tt5709846,7
tt5710532,30
tt5711454,27
tt5711628,16
tt5713994,152
tt5715456,9
tt5715828,141
tt5715832,195
tt5716280,1183
tt5718046,342
tt5721636,42
tt5722926,6
tt5724948,144
tt5724978,18
tt5725348,9
tt5725568,19
tt5725976,15
tt5726086,40159
tt5730248,142
tt5734576,9374
tt5737162,201
tt5737166,52
tt5737536,4039
tt5737840,26
tt5740852,29
tt5740866,4190
tt5741008,12
tt5742032,10
tt5742712,14
tt5746054,18
tt5748106,12
tt5749012,18
tt5749570,230
tt5749596,1063
tt5749698,16
tt5752930,5
tt5755280,219
tt5755622,8
tt5758726,387
tt5758778,74305
tt5759188,11
tt5759656,11
tt5761612,27
tt5764010,16
tt5769440,58
tt5770836,14
tt5771010,91
tt5772704,9
tt5773088,7
tt5773402,915
tt5773986,1250
tt5774450,19516
tt5774888,11
tt5779372,1308
tt5781146,55
tt5782230,25
tt5783476,264
tt5783956,33463
tt5788706,22
tt5789976,5837
tt5791098,209
tt5791356,6
tt5792468,245
tt5793200,93
tt5795282,70
tt5796882,68
tt5797752,5
tt5799948,13
tt5802168,15
tt5803438,50
tt5804846,10
tt5805592,15
tt5806792,75
tt5807544,7
tt5808370,6
tt5809726,44
tt5811342,14
tt5812240,10
tt5814060,81823
tt5815078,583
tt5816160,5
tt5817548,38
tt5820170,7
tt5820544,29
tt5820810,19
tt5821220,111
tt5822132,58
tt5822154,119
tt5824766,17
tt5824910,19
tt5827590,243
tt5827890,9
tt5829104,333
tt5831668,16
tt5831744,6
tt5831936,49
tt5834262,27051
tt5834362,30
tt5834760,8941
tt5835994,36
tt5836576,53
tt5836706,343
tt5837842,6
tt5840874,5
tt5841344,622
tt5841956,18
tt5842616,10261
tt5843780,2030
tt5844178,6
tt5844196,202
tt5844340,48
tt5844488,1750
tt5844772,21
tt5845252,7
tt5845440,37
tt5846644,352
tt5847768,171
tt5848272,70754
tt5848640,131
tt5848986,100
tt5848992,71
tt5850176,13
tt5851598,312
tt5851680,121
tt5852022,5
tt5855164,270
tt5855772,1417
tt5859352,48
tt5859882,125
tt5860356,35
tt5862902,1488
tt5863566,93
tt5866442,171
tt5867982,44
tt5872472,138
tt5874752,12
tt5876196,9
tt5876796,10
tt5878194,7
tt5878590,52
tt5879216,105
tt5881528,1881
tt5883430,20
tt5884834,339
tt5885106,847
tt5886388,362
tt5886420,29
tt5887624,13
tt5887630,64
tt5887650,133
tt5887760,168
tt5890454,17
tt5890460,172
tt5891150,104
tt5893906,19
tt5896568,266
tt5898712,5
tt5900596,46
tt5900870,11
tt5901570,10
tt5903358,182
tt5903926,10
tt5904182,125
tt5906562,97
tt5907978,9
tt5909334,157
tt5910262,14
tt5913184,513
tt5914642,124
tt5915520,5
tt5916158,109
tt5916734,17
tt5918136,48
tt5918734,62
tt5919064,18
tt5921100,66
tt5922358,48
tt5923718,14
tt5924214,173
tt5924480,58
tt5924852,91
tt5926990,246
tt5928320,7
tt5929754,11544
tt5932330,65
tt5932706,26
tt5932800,136
tt5933698,10
tt5933840,106
tt5935704,22550
tt5936492,1843
tt5936578,9
tt5936582,142
tt5936866,62
tt5938084,1141
tt5939596,5
tt5942864,648
tt5943466,10
tt5946668,378
tt5949226,13
tt5950092,60
tt5952138,77
tt5952522,6
tt5953278,33
tt5954852,22
tt5955792,37
tt5959980,5766
tt5960374,6375
tt5960386,116
tt5961314,223
tt5963066,264
tt5963132,46
tt5963314,8
tt5963908,72
tt5966602,630
tt5968274,7710
tt5969642,141
tt5970844,14701
tt5970928,36
tt5973658,669
tt5974592,29
tt5974780,241
tt5976166,19
tt5977294,18
tt5979872,8037
tt5980638,369
tt5981944,341
tt5982964,110
tt5984694,52
tt5985672,76
tt5985720,19
tt5985952,40
tt5986010,7
tt5987042,194
tt5987374,43
tt5988012,5
tt5989218,7902
tt5989336,146
tt5990956,262
tt5993468,35
tt5993604,21
tt5993748,124
tt5994166,1952
tt5996718,33
tt6007614,10
tt6007628,47
tt6009104,1374
tt6010216,37
tt6010530,16
tt6010628,4943
tt6010806,14
tt6012244,765
tt6013156,1368
tt6014166,83
tt6014430,5
tt6014434,7
tt6015410,17
tt6017942,7740
tt6020428,1357
tt6020486,287
tt6022174,133
tt6022564,8
tt6022872,6
tt6023118,1222
tt6023386,795
tt6025356,21
tt6026818,140
tt6028556,8
tt6028796,161
tt6029778,265
tt6029796,5
tt6031674,10
tt6032328,629
tt6032718,54
tt6037866,12
tt6038114,35
tt6040806,450
tt6042648,38
tt6042756,8
tt6043072,649
tt6043142,225
tt6046314,1538
tt6050396,59
tt6051096,2333
tt6051292,6
tt6051312,5
tt6051424,114
tt6053472,1201
tt6053938,1746
tt6053948,1848
tt6054710,179
tt6055450,205
tt6055538,26
tt6057574,13
tt6058084,93
tt6058226,2593
tt6060558,8
tt6061074,1487
tt6061364,124
tt6063050,5354
tt6064118,7
tt6065246,92
tt6067388,6
tt6068406,111
tt6068554,294
tt6069162,630
tt6069620,166
tt6069684,9
tt6071168,43
tt6071752,239
tt6072502,356
tt6072604,76
tt6073576,10
tt6073760,108
tt6074820,78
tt6074834,492
tt6078194,57
tt6078866,1208
tt6080382,13
tt6081670,1625
tt6083230,789
tt6083534,212
tt6083648,3537
tt6084816,6
tt6084880,8
tt6085412,27
tt6085642,37
tt6085984,18
tt6089358,405
tt6089458,119
tt6090044,1246
tt6091462,124
tt6093618,968
tt6094986,13
tt6095486,165
tt6096166,38
tt6096212,24
tt6096256,10
tt6096308,442
tt6096334,5
tt6096542,47
tt6096852,33
tt6096948,319
tt6097228,13
tt6097440,6
tt6097524,7
tt6097886,12
tt6098154,10
tt6098380,65
tt6098526,5
tt6098626,24
tt6099494,75
tt6101602,2178
tt6102104,65
tt6102268,14
tt6102318,13
tt6102396,1751
tt6104684,13
tt6105150,7
tt6106822,52
tt6106980,16
tt6107404,9
tt6107562,5
tt6108486,20
tt6109124,1672
tt6109168,398
tt6109502,359
tt6109874,429
tt6111144,30
tt6111634,30
tt6111980,64
tt6113122,1528
tt6113666,8
tt6116568,116
tt6116856,13174
tt6118340,525
tt6118442,20
tt6119210,9
tt6119856,5839
tt6121432,57
tt6121592,10
tt6128124,41
tt6129302,4085
tt6129904,92
tt6130920,13
tt6131126,168
tt6131450,1177
tt6131982,16
tt6133466,38242
tt6134274,2385
tt6135920,7
tt6139764,25
tt6140148,230
tt6140580,435
tt6141334,21
tt6142146,17
tt6142496,2819
tt6143782,1086
tt6143850,4982
tt6144410,17
tt6144460,23
tt6144666,28
tt6144958,33
tt6145054,11
tt6145764,293
tt6146590,561
tt6147874,15
tt6148864,13
tt6149464,12
tt6149944,7
tt6150000,18
tt6150962,116
tt6151048,45
tt6151592,20
tt6152554,1273
tt6153336,50
tt6153538,538
tt6154710,23
tt6154834,25
tt6155172,98162
tt6155374,1371
tt6156338,16
tt6156656,325
tt6157294,261
tt6157502,7
tt6157734,7
tt6157776,23
tt6157970,214
tt6159268,638
tt6163142,17
tt6164210,6
tt6164238,9
tt6164254,9
tt6164698,208
tt6164762,679
tt6164854,141
tt6165342,88
tt6165936,26
tt6166464,14
tt6169694,5005
tt6169920,362
tt6169934,297
tt6170202,866
tt6170484,917
tt6170506,2100
tt6170804,685
tt6171006,20
tt6172572,56
tt6172666,175
tt6173418,29
tt6173990,8867
tt6174226,80
tt6175086,85
tt6175802,278
tt6178388,13
tt6179746,3880
tt6181974,37
tt6182078,2427
tt6182908,20788
tt6183104,69
tt6183106,45
tt6183180,54
tt6185266,78
tt6185686,8
tt6185692,55
tt6185998,408
tt6186594,6
tt6186696,637
tt6186910,3201
tt6186940,9
tt6187620,134
tt6187794,17
tt6190456,374
tt6193522,38
tt6194704,46
tt6195094,16105
tt6196406,18
tt6197494,2030
tt6200656,672
tt6202690,37
tt6203302,1347
tt6203324,10
tt6204018,1981
tt6205872,7522
tt6205946,71
tt6206364,17
tt6206834,48
tt6207634,36
tt6208950,73
tt6210054,9
tt6210070,7
tt6210160,212
tt6210328,9
tt6210874,40
tt6210996,4806
tt6211976,109
tt6212136,309
tt6212378,108
tt6212478,26721
tt6212586,10
tt6214042,15
tt6214722,358
tt6215446,21
tt6216288,7
tt6217306,27120
tt6217512,56
tt6217724,324
tt6218358,14572
tt6219314,958
tt6219954,6
tt6219974,100
tt6220002,37
tt6220752,1060
tt6220964,6
tt6222286,182
tt6222288,6
tt6224502,1893
tt6226212,277
tt6227566,72
tt6231398,36
tt6231784,393
tt6231824,23
tt6236142,218
tt6236662,10
tt6236738,23
tt6236762,74
tt6237168,8
tt6237268,1356
tt6237314,113
tt6237562,146
tt6237612,5288
tt6237930,9
tt6237966,4284
tt6238528,12
tt6238628,18
tt6238798,172
tt6241270,112
tt6241390,73
tt6241678,44
tt6241872,1127
tt6242154,30
tt6244196,822
tt6245274,125
tt6250554,71
tt6250792,139
tt6251024,6186
tt6251390,109
tt6251504,94
tt6254732,6
tt6255230,14
tt6256452,563
tt6256546,121
tt6256984,87
tt6257174,10774
tt6258766,228
tt6259198,50
tt6260342,440
tt6263618,2353
tt6264264,7
tt6264928,7
tt6265620,53
tt6266538,52745
tt6267926,35
tt6268202,18
tt6268812,216
tt6268882,72
tt6269368,7182
tt6269434,948
tt6270596,886
tt6271806,10
tt6273768,5
tt6273962,5
tt6275262,877
tt6277824,590
tt6278764,5
tt6279022,5
tt6279258,6
tt6280368,344
tt6280608,561
tt6281230,13
tt6282380,98
tt6283474,84
tt6284256,594
tt6284564,917
tt6285672,1062
tt6286662,82
tt6288124,12803
tt6288204,8
tt6288622,9
tt6290122,155
tt6290418,951
tt6290798,5657
tt6292090,270
tt6295112,56
tt6296764,74
tt6297258,175
tt6298104,16
tt6301452,51
tt6301784,191
tt6303018,7
tt6304994,33
tt6306064,31403
tt6312802,80
tt6315438,615
tt6316856,16
tt6317070,8
tt6317180,23
tt6317236,17
tt6318712,741
tt6318714,144
tt6318728,132
tt6319346,48
tt6319914,14
tt6320482,169
tt6324614,2069
tt6324892,101
tt6326340,12
tt6326642,15
tt6327284,17
tt6327784,28
tt6328004,384
tt6328242,18
tt6329226,36
tt6332276,20
tt6332628,20
tt6338444,56
tt6338506,97
tt6339468,5
tt6340500,947
tt6340642,50
tt6340698,64
tt6341066,61
tt6341668,389
tt6342034,16
tt6342062,505
tt6342064,5
tt6342110,401
tt6342316,11
tt6342440,148
tt6342700,9
tt6343314,59908
tt6343490,14
tt6345394,65
tt6346630,10
tt6346970,6
tt6346982,65
tt6349010,5
tt6349194,8
tt6350786,23
tt6352918,67
tt6353036,307
tt6354056,169
tt6360394,26
tt6361154,41
tt6361212,31
tt6365796,39
tt6368508,197
tt6373994,5
tt6375006,6
tt6377612,29
tt6381456,31
tt6383452,92
tt6383494,38
tt6384378,10
tt6384386,1520
tt6384720,114
tt6384998,205
tt6385856,764
tt6386486,5
tt6386684,179
tt6386748,2880
tt6387506,121
tt6388074,334
tt6388090,8
tt6388464,19
tt6389802,171
tt6390580,116
tt6392172,14
tt6394430,1606
tt6394432,44
tt6396074,49
tt6396876,8
tt6397196,24
tt6398496,16
tt6399814,23
tt6400166,673
tt6400726,14
tt6402536,12
tt6404166,6
tt6406848,333
tt6409762,1453
tt6411590,763
tt6411954,1142
tt6412452,79800
tt6413868,205
tt6414890,603
tt6415214,68
tt6415416,1259
tt6417256,146
tt6417824,30
tt6418778,72
tt6418918,161
tt6420312,12
tt6421110,6475
tt6421118,288
tt6422258,67
tt6423012,9
tt6423886,2896
tt6424846,8
tt6426028,1060
tt6428150,31
tt6428844,43
tt6432868,12
tt6433456,1978
tt6433832,905
tt6435258,10
tt6436666,33
tt6438030,1857
tt6438398,238
tt6443294,1121
tt6444140,1356
tt6445278,171
tt6446550,59
tt6450186,10702
tt6450428,27
tt6450628,355
tt6450662,23
tt6451260,160
tt6452534,22
tt6452574,39030
tt6453158,15
tt6456222,720
tt6459208,13
tt6461828,72
tt6463468,13
tt6463494,673
tt6465308,241
tt6465880,22
tt6465940,127
tt6465984,16
tt6466058,8
tt6466464,919
tt6468814,483
tt6469548,64
tt6469826,304
tt6469892,24
tt6470028,34
tt6470522,9
tt6471628,115
tt6472116,113
tt6473622,54
tt6474040,155
tt6476146,10
tt6478512,72
tt6479450,9
tt6479534,246
tt6481184,16
tt6481190,126
tt6483364,173
tt6485304,1015
tt6485776,352
tt6485830,59
tt6485928,4153
tt6487296,11
tt6488870,127
tt6490394,103
tt6491178,3571
tt6492186,26
tt6493222,299
tt6493292,60
tt6494344,395
tt6494418,7788
tt6495094,520
tt6495388,88
tt6495770,5876
tt6498220,30
tt6498250,9
tt6499248,17
tt6499694,717
tt6499752,96395
tt6502956,875
tt6504538,956
tt6504868,250
tt6505182,8
tt6506276,354
tt6507448,11
tt6509058,1573
tt6509330,7
tt6510332,4175
tt6512428,703
tt6512972,18
tt6513656,19096
tt6514196,2962
tt6515214,7
tt6515458,62
tt6516314,2587
tt6516734,76
tt6518270,2186
tt6520472,30
tt6520888,13
tt6520954,2138
tt6521610,15
tt6521776,83
tt6522666,91
tt6522668,674
tt6523386,92
tt6523720,4148
tt6524704,8
tt6525872,8
tt6527426,18910
tt6527586,495
tt6527982,6
tt6529772,262
tt6531196,305
tt6532192,93
tt6532374,2120
tt6533240,139
tt6533838,8
tt6536668,142
tt6537998,8
tt6538368,22
tt6538402,43
tt6539470,59
tt6540984,283
tt6541512,272
tt6542050,6
tt6542108,1092
tt6543652,29251
tt6544318,143
tt6544524,56
tt6544940,39
tt6545212,792
tt6547044,36
tt6547170,3715
tt6547728,15
tt6548436,7
tt6551438,27
tt6555646,5
tt6556576,1216
tt6557356,173
tt6557704,309
tt6557724,24
tt6558114,195
tt6559390,775
tt6562110,9
tt6562628,169
tt6563862,88
tt6564812,37
tt6565458,18
tt6566830,580
tt6569888,13
tt6570372,31
tt6571274,33
tt6575280,263
tt6576144,13
tt6576556,1781
tt6577798,604
tt6578228,282
tt6580564,4641
tt6586992,29
tt6587272,5
tt6588064,248
tt6588966,6983
tt6589442,6
tt6590856,54
tt6591520,145
tt6591554,132
tt6591584,350
tt6591616,528
tt6591652,40
tt6592124,130
tt6592296,202
tt6593240,325
tt6594070,50
tt6594244,7
tt6596418,90
tt6597246,259
tt6598072,808
tt6599046,10
tt6599184,32
tt6599742,1742
tt6601502,306
tt6603056,6
tt6603378,144
tt6603812,366
tt6605812,690
tt6608720,18
tt6609838,14
tt6610158,1870
tt6610280,392
tt6613812,808
tt6613878,973
tt6613952,223
tt6615648,391
tt6615894,846
tt6616244,12
tt6616336,6
tt6617656,252
tt6619188,129
tt6619250,6
tt6622902,295
tt6622960,63
tt6622982,85
tt6623390,116
tt6624078,13
tt6626694,5
tt6627630,67
tt6628102,10459
tt6628198,6
tt6628386,126
tt6628394,74968
tt6632664,102
tt6633182,583
tt6634646,919
tt6636658,5
tt6641528,180
tt6642926,10
tt6643608,30
tt6644200,286325
tt6644632,39
tt6645182,127
tt6645236,6
tt6645798,16
tt6646106,6
tt6648468,63
tt6649792,123
tt6650364,784
tt6651118,116
tt6652708,2436
tt6654090,16
tt6659930,42
tt6660752,17
tt6662126,9
tt6662734,9
tt6662736,1569
tt6663582,43251
tt6664700,323
tt6664784,97
tt6665904,295
tt6667252,55
tt6670116,11
tt6670584,39
tt6671244,213
tt6671284,17
tt6671850,84
tt6671882,70
tt6672082,217
tt6673086,42
tt6675230,5
tt6675244,2540
tt6675400,435
tt6676028,1039
tt6676334,19
tt6678874,1010
tt6678876,5
tt6679412,886
tt6679794,42155
tt6679898,5
tt6680730,1062
tt6682810,6
tt6682828,8
tt6683070,17
tt6684050,9
tt6684714,7513
tt6684884,2223
tt6685074,18
tt6685596,518
tt6686358,291
tt6686700,348
tt6687432,7
tt6688022,434
tt6688304,323
tt6688354,288
tt6688832,21
tt6689006,8
tt6689734,396
tt6690004,915
tt6690176,194
tt6690236,69
tt6692268,13
tt6692840,7
tt6692926,9
tt6696124,128
tt6697582,24824
tt6697640,112
tt6699860,1379
tt6701492,181
tt6702308,62
tt6703652,20
tt6704346,19
tt6704776,2933
tt6704880,568
tt6704974,207
tt6704988,12
tt6705860,143
tt6707906,2665
tt6708044,1359
tt6708116,1876
tt6710618,31
tt6710826,1414
tt6710888,66
tt6712330,52
tt6712374,228
tt6716912,11
tt6719840,209
tt6720618,488
tt6720900,41
tt6721756,27
tt6723102,19
tt6725440,49
tt6726070,219
tt6727192,11
tt6727296,1912
tt6728096,3437
tt6728264,5
tt6729000,506
tt6730778,9
tt6730898,1883
tt6730970,1166
tt6731592,66
tt6732748,40
tt6733404,15
tt6736084,16
tt6737518,33
tt6739214,10
tt6740154,6
tt6741368,154
tt6742252,21204
tt6743716,7
tt6744044,3168
tt6744422,54
tt6745824,132
tt6746304,1036
tt6747224,486
tt6747420,1154
tt6747448,6
tt6748030,16
tt6748466,3436
tt6749318,1290
tt6749562,8
tt6750884,994
tt6751106,169
tt6751468,20
tt6751670,12
tt6752398,9
tt6752992,6049
tt6753132,110
tt6755054,15
tt6755366,786
tt6755924,6
tt6760028,9
tt6762296,15
tt6763698,8
tt6763730,7
tt6767852,92
tt6768558,169
tt6768578,11407
tt6769258,33
tt6769280,2782
tt6769326,17
tt6769514,8
tt6771402,29
tt6772188,38
tt6772418,147
tt6772946,440
tt6772950,31255
tt6773126,22
tt6774126,202
tt6774212,3217
tt6774420,1149
tt6774588,33
tt6774786,9380
tt6776106,1015
tt6778300,13
tt6778742,11
tt6781296,15
tt6781638,142
tt6781982,20152
tt6782146,5
tt6782276,658
tt6782838,70
tt6785134,36
tt6787076,460
tt6787298,24
tt6788622,93
tt6789126,99
tt6789370,30
tt6791096,37078
tt6792282,4011
tt6792478,214
tt6793280,1852
tt6793300,5
tt6793580,5146
tt6795080,16
tt6796028,84
tt6797218,135
tt6797946,54
tt6799254,44
tt6799420,8
tt6801580,55
tt6801858,39
tt6802308,20776
tt6802322,6
tt6802950,177
tt6805814,22
tt6806804,6
tt6807256,98
tt6807324,10
tt6808064,350
tt6809094,48
tt6809956,26
tt6810146,17
tt6813892,32
tt6814390,33
tt6818140,94
tt6820184,166
tt6820256,2860
tt6821012,12971
tt6821870,212
tt6822514,41
tt6822664,12
tt6823032,9
tt6823890,163
tt6824464,18
tt6824598,32
tt6824604,8
tt6826438,15933
tt6828722,10
tt6829180,2227
tt6829438,60
tt6831278,5
tt6831724,306
tt6832138,271
tt6832388,2096
tt6834466,26
tt6835498,436
tt6835804,301
tt6837138,14
tt6837282,15
tt6838670,7
tt6838702,2545
tt6839684,9
tt6840280,55
tt6840904,64
tt6841812,355
tt6842126,637
tt6842288,7
tt6843812,7145
tt6844052,139
tt6844382,7
tt6846432,659
tt6848264,19
tt6848414,21
tt6849786,103
tt6850766,92
tt6850778,8
tt6850820,32021
tt6851966,42
tt6852154,9
tt6852872,3075
tt6853910,195
tt6854672,2249
tt6856056,15
tt6857040,649
tt6857166,16974
tt6857956,373
tt6857988,8359
tt6858020,226
tt6858500,5
tt6858948,37
tt6859280,188
tt6859344,234
tt6859352,4022
tt6859418,2185
tt6859762,4308
tt6860812,398
tt6861402,70
tt6862536,237
tt6862864,41
tt6863270,25
tt6863330,12
tt6863784,859
tt6864046,2055
tt6864078,40
tt6864090,176
tt6864864,1337
tt6864952,29
tt6865690,204
tt6866006,10
tt6866224,513
tt6867650,173
tt6867770,26
tt6868684,188
tt6869538,1435
tt6869686,76
tt6869706,16
tt6871634,151
tt6872436,1352
tt6872670,10
tt6874254,242
tt6874420,28
tt6876788,267
tt6877164,1036
tt6877562,48
tt6877798,22
tt6877958,11
tt6878882,4277
tt6879436,37
tt6880018,16
tt6881530,31
tt6884200,1693
tt6884380,70
tt6886062,228
tt6887162,29
tt6887540,58
tt6888282,11
tt6888762,10
tt6888938,48
tt6889032,2155
tt6889830,41
tt6889924,12
tt6890582,2961
tt6890656,218
tt6891516,10
tt6892340,901
tt6892446,476
tt6892462,2167
tt6893370,138
tt6893836,2817
tt6894872,159
tt6897150,13
tt6898162,146
tt6898474,7
tt6899268,8
tt6900448,4645
tt6902696,833
tt6904262,73
tt6904272,668
tt6905402,210
tt6905442,172
tt6905696,2874
tt6907054,16
tt6908274,3513
tt6908712,29
tt6908760,457
tt6910020,22509
tt6910380,36
tt6910730,6
tt6911608,54840
tt6912990,48
tt6913168,518
tt6913998,18
tt6914542,734
tt6914558,8
tt6915100,1325
tt6915208,192
tt6916334,6
tt6916362,3459
tt6917210,432
tt6917242,698
tt6917272,90
tt6917290,396
tt6917314,505
tt6917966,427
tt6918686,8
tt6919950,25
tt6921076,43
tt6921496,130
tt6921530,20
tt6921996,42962
tt6922804,78
tt6923386,208
tt6923462,2394
tt6923740,347
tt6923834,394
tt6923840,476
tt6923858,115
tt6924682,46
tt6926260,81
tt6926356,29
tt6927152,996
tt6927316,275
tt6927880,220
tt6929642,6673
tt6931170,30
tt6931414,1287
tt6932818,671
tt6933206,5
tt6933338,106
tt6933454,3130
tt6936350,119
tt6937878,7
tt6938332,7
tt6938828,13024
tt6939372,377
tt6941210,8
tt6942194,58
tt6943580,100
tt6944060,25
tt6945932,20
tt6946856,12
tt6947528,273
tt6947800,89
tt6948206,7
tt6948326,260
tt6949498,113
tt6950260,19
tt6950446,31
tt6950582,23
tt6950594,18
tt6951518,17
tt6951892,3276
tt6952076,9
tt6952166,13
tt6952782,63
tt6952960,7216
tt6953036,7
tt6953526,64
tt6953974,169
tt6955130,36
tt6955298,385
tt6957182,16
tt6957966,5019
tt6958014,1780
tt6958030,731
tt6958520,267
tt6960736,305
tt6961808,89
tt6962028,6
tt6962166,17
tt6962204,409
tt6964520,279
tt6964538,106
tt6964554,189
tt6964562,23
tt6964844,161
tt6965440,5
tt6966554,14
tt6966692,156681
tt6967644,9
tt6969764,5
tt6970798,68
tt6972140,6366
tt6972212,85
tt6972372,507
tt6973360,162
tt6973406,22
tt6974888,149
tt6975598,22
tt6975606,38
tt6977470,7
tt6980392,421
tt6980546,13039
tt6980550,18
tt6980874,26
tt6980962,5
tt6981634,143
tt6981636,29
tt6981702,1388
tt6982104,883
tt6982562,96
tt6984230,17
tt6984258,479
tt6984460,49
tt6984530,208
tt6984534,392
tt6985200,444
tt6985448,160
tt6986606,140
tt6987432,26
tt6987468,39
tt6987760,306
tt6987770,13573
tt6987958,13
tt6988136,5
tt6992230,13
tt6992258,48
tt6992946,99
tt6993174,433
tt6993596,7
tt6995612,484
tt6996644,7
tt6996854,16
tt6997620,6
tt6998408,246
tt6998518,40433
tt6998650,208
tt6999052,1417
tt6999338,9
tt7000942,213
tt7002116,155
tt7002122,133
tt7003970,10
tt7004152,50
tt7005164,328
tt7005928,6
tt7005962,7
tt7006248,9
tt7006476,7
tt7006544,28
tt7007846,133
tt7008100,9
tt7008872,15332
tt7009250,246
tt7010460,22
tt7010858,6
tt7012142,17
tt7014006,37823
tt7014234,65
tt7014382,10
tt7014430,3367
tt7016060,34
tt7016522,27
tt7018368,5
tt7019806,40
tt7019842,10152
tt7019912,94
tt7020604,12
tt7020868,16
tt7020940,11
tt7021508,416
tt7022404,763
tt7022500,271
tt7023016,20
tt7023452,116
tt7024660,26
tt7025370,11
tt7025976,586
tt7026270,26
tt7026672,12153
tt7027092,1172
tt7027162,19
tt7027278,3652
tt7028140,17
tt7028460,105
tt7028470,178
tt7029788,101
tt7031656,15
tt7033192,22
tt7035266,50
tt7036092,7
tt7036332,46
tt7037544,130
tt7039000,285
tt7039208,77
tt7039326,32
tt7039910,12
tt7040276,84
tt7040858,51
tt7040874,75244
tt7041662,13
tt7042024,117
tt7042862,3027
tt7044076,163
tt7044698,8
tt7046524,95
tt7046974,470
tt7049272,5
tt7049420,117
tt7049542,330
tt7050476,85
tt7050870,144
tt7051048,256
tt7052108,16
tt7052244,2847
tt7054868,89
tt7056772,78
tt7056958,7
tt7058612,68
tt7058884,21
tt7059506,1188
tt7059682,104
tt7059752,15
tt7060344,9668
tt7061890,8
tt7064498,2019
tt7065700,9
tt7066382,697
tt7068878,49
tt7068942,1154
tt7069496,117
tt7073522,463
tt7073710,2650
tt7074564,8
tt7074886,5020
tt7076030,32
tt7076838,55
tt7077210,5
tt7080138,411
tt7080434,255
tt7082442,30
tt7083846,102
tt7084614,149
tt7085632,76
tt7085724,147
tt7087016,9
tt7087210,466
tt7087674,11
tt7088028,395
tt7088032,191
tt7088508,12
tt7089782,5
tt7089878,371
tt7091300,513
tt7091504,69
tt7091956,9
tt7093186,9
tt7095392,440
tt7095482,2396
tt7095654,822
tt7095726,26
tt7095852,120
tt7097722,9
tt7098658,16995
tt7099566,202
tt7100886,13
tt7104578,260
tt7104984,1851
tt7105008,31
tt7105944,1237
tt7106246,135
tt7106506,139
tt7106814,178
tt7106968,82
tt7106980,11
tt7107570,16
tt7108862,143
tt7108976,256
tt7109844,160
tt7110510,49
tt7111818,76
tt7112154,710
tt7112162,154
tt7112164,8
tt7112582,16
tt7115500,559
tt7115904,8
tt7115980,219
tt7116182,6
tt7116478,67
tt7116548,89
tt7117352,285
tt7117552,198
tt7117594,150
tt7118702,24
tt7119170,28
tt7120368,21
tt7121252,4234
tt7122102,26
tt7122194,145
tt7122324,138
tt7122382,13
tt7122826,14
tt7125498,232
tt7125510,18
tt7125748,30
tt7125774,1080
tt7125860,19134
tt7126758,120
tt7126776,419
tt7127978,46
tt7128316,24
tt7128608,10
tt7128822,10
tt7130262,138
tt7130802,23
tt7131194,9
tt7131856,64
tt7132578,165
tt7132672,21
tt7133202,390
tt7133404,132
tt7133528,254
tt7133686,10203
tt7134522,11
tt7134690,13
tt7136436,116
tt7136896,403
tt7137164,48
tt7137380,6172
tt7137804,6
tt7137846,9235
tt7138120,95
tt7139246,277
tt7141030,289
tt7141148,5
tt7142506,276
tt7142712,90
tt7145708,14
tt7146028,241
tt7146578,187
tt7147414,8
tt7147540,4887
tt7148486,499
tt7149066,23
tt7149336,324
tt7149916,1099
tt7152658,8
tt7153134,22
tt7153434,272
tt7153766,30135
tt7154984,5
tt7155170,253
tt7155178,119
tt7156222,1676
tt7156436,355
tt7156720,43
tt7156756,33
tt7158430,5780
tt7158582,337
tt7158686,799
tt7158736,59
tt7161342,140
tt7162390,577
tt7162758,651
tt7163824,344
tt7164084,8
tt7165212,60
tt7165346,53
tt7166208,7
tt7167630,9989
tt7169100,271
tt7169514,189
tt7170698,332
tt7170950,14868
tt7171224,20
tt7173652,15
tt7174366,54
tt7175942,53
tt7175988,41
tt7175992,256
tt7176472,78
tt7177248,21
tt7177250,86
tt7177324,64
tt7177642,73
tt7177720,350
tt7177896,5
tt7178568,13
tt7179714,764
tt7179784,2565
tt7180776,62
tt7181478,7
tt7183578,1925
tt7184124,352
tt7186036,106
tt7187860,340
tt7188002,206
tt7188014,21
tt7188058,8
tt7188250,30
tt7188568,84
tt7188590,12
tt7188948,26
tt7188978,522
tt7191910,41
tt7195416,255
tt7197298,130
tt7199796,342
tt7200370,167
tt7201558,138
tt7201846,384
tt7203520,63
tt7204348,3605
tt7205316,240
tt7205630,519
tt7205778,88
tt7205938,272
tt7205942,453
tt7207890,17
tt7207942,8
tt7208564,2687
tt7209350,366
tt7209510,3460
tt7210252,186
tt7210264,49
tt7210426,199
tt7211346,37
tt7212514,29
tt7212726,13804
tt7212992,12
tt7213362,727
tt7214028,113
tt7214470,494
tt7216918,134
tt7217128,140
tt7217214,1634
tt7217290,22
tt7217826,170
tt7218334,130
tt7218518,14904
tt7218564,85
tt7218574,16
tt7220640,113
tt7220696,343
tt7220754,2804
tt7221072,41
tt7222290,46
tt7222466,34
tt7222598,233
tt7222606,155
tt7224520,69
tt7225144,9
tt7225386,655
tt7225716,14
tt7227100,122
tt7227412,35
tt7227806,12
tt7228086,33
tt7230016,5
tt7230214,15
tt7230876,12
tt7231194,1032
tt7231342,395
tt7231546,1468
tt7231560,80
tt7231572,1407
tt7231776,47
tt7232126,29
tt7232394,23
tt7233106,7
tt7233726,262
tt7233828,180
tt7235016,46
tt7235930,59
tt7235958,33
tt7236034,817
tt7236434,8
tt7237666,370
tt7238112,179
tt7238326,54
tt7238328,7
tt7238330,8
tt7238368,7
tt7238392,5548
tt7239146,32
tt7239400,20
tt7239688,22
tt7239700,169
tt7240298,99
tt7240478,65
tt7240568,42
tt7240616,46
tt7241074,145
tt7241520,7
tt7241608,22
tt7241800,67
tt7241926,140
tt7242142,15014
tt7243124,8
tt7243754,6
tt7243756,6
tt7246052,28
tt7246718,283
tt7246786,16
tt7246942,5
tt7247512,14
tt7247524,135
tt7248144,316
tt7248518,120
tt7248884,88
tt7250056,959
tt7250378,14
tt7251048,34
tt7251488,49
tt7251886,11
tt7251888,158
tt7252852,18
tt7253188,102
tt7253190,74
tt7253216,386
tt7253450,156
tt7254768,30
tt7254808,28
tt7256866,7398
tt7256924,31
tt7257508,26
tt7257916,46
tt7259104,98
tt7260038,5
tt7260818,324
tt7260830,41
tt7260848,158
tt7262084,5
tt7262178,277
tt7262474,7
tt7262882,1426
tt7263664,721
tt7263974,75
tt7266798,37
tt7268368,26
tt7268388,68
tt7268548,9
tt7269184,25
tt7269234,7
tt7269374,527
tt7271114,6
tt7271404,9
tt7271882,139
tt7274806,93
tt7275212,13
tt7275232,335
tt7275816,35
tt7275822,477
tt7275840,10
tt7277768,11
tt7279014,179
tt7279058,28
tt7279188,2107
tt7280786,1902
tt7280898,18332
tt7280926,6
tt7281994,35
tt7282278,50
tt7282370,144
tt7282468,17436
tt7283212,6
tt7284202,117
tt7284204,1124
tt7285198,5
tt7285802,82
tt7286492,199
tt7286500,107
tt7286940,7
tt7288562,72
tt7293920,11
tt7294234,23
tt7294844,18
tt7295378,202
tt7295450,3537
tt7295854,29
tt7296600,6
tt7296604,13
tt7296606,62
tt7296616,30
tt7296782,193
tt7297030,56
tt7297156,37
tt7297336,25
tt7298400,1922
tt7298590,131
tt7298796,33
tt7299346,93
tt7299388,43
tt7301950,8
tt7301978,5
tt7302900,5
tt7304032,198
tt7304146,5
tt7304166,6
tt7304194,45
tt7304806,104
tt7305366,358
tt7305634,30
tt7307136,77
tt7307488,17
tt7309060,7
tt7309384,25
tt7310916,1328
tt7313394,76
tt7313518,229
tt7313888,98
tt7314118,2683
tt7314630,70
tt7315526,1449
tt7316358,256
tt7316576,279
tt7317256,23
tt7317310,240
tt7317324,204
tt7317418,6
tt7318102,102
tt7318202,4902
tt7319064,222
tt7319532,273
tt7321356,406
tt7322390,17
tt7322864,86
tt7322890,124
tt7323746,5
tt7325902,129
tt7328154,1093
tt7329602,1158
tt7329810,1209
tt7329858,4341
tt7331414,95
tt7331606,5
tt7331976,24
tt7332120,16
tt7333070,163
tt7334528,8913
tt7334702,8
tt7335176,68
tt7335186,803
tt7335732,59
tt7335892,114
tt7336446,1064
tt7336470,50
tt7336572,1106
tt7336692,29
tt7336698,16
tt7338690,1344
tt7339792,1258
tt7339826,1603
tt7339938,16
tt7341988,25
tt7342094,6
tt7342838,2984
tt7343526,8
tt7343574,105
tt7343732,437
tt7344246,80
tt7345930,4170
tt7347378,145
tt7349504,28
tt7349662,129767
tt7349910,149
tt7350614,27
tt7353454,19
tt7355188,11
tt7355676,22
tt7355708,51
tt7356132,29
tt7356382,423
tt7357322,11
tt7358302,63
tt7358598,448
tt7358686,30
tt7359786,24
tt7361776,24
tt7362036,2495
tt7362354,9
tt7363076,11227
tt7363336,985
tt7363538,6
tt7364086,16
tt7364756,8
tt7364784,6
tt7365166,279
tt7365604,2268
tt7365740,474
tt7367960,1067
tt7368554,203
tt7368668,68
tt7368790,8
tt7370002,7
tt7370004,18
tt7370378,8
tt7372318,369
tt7372628,25
tt7372728,639
tt7374062,10
tt7374512,18
tt7374758,10
tt7374952,37
tt7374968,26
tt7375242,10
tt7375304,495
tt7375578,579
tt7375878,9
tt7377132,74
tt7378348,8
tt7379358,15
tt7379494,20
tt7379594,6
tt7379662,72
tt7381444,270
tt7381490,12
tt7384848,1449
tt7384886,31
tt7384910,8
tt7385124,108
tt7385134,34
tt7385518,17
tt7385582,18
tt7385782,40
tt7385812,13
tt7385832,63
tt7385836,73
tt7386154,6
tt7386668,28
tt7387538,7
tt7387550,30
tt7388562,5270
tt7389858,26
tt7389878,31
tt7389882,8
tt7389900,26
tt7389904,12
tt7389918,5
tt7390072,7
tt7390090,31
tt7390102,9
tt7390104,6
tt7390380,50
tt7390536,22
tt7391194,52
tt7391448,33
tt7391970,50
tt7391996,2013
tt7392212,15043
tt7392244,1127
tt7393746,99
tt7394636,512
tt7394770,91
tt7397244,14
tt7397338,74
tt7397958,58
tt7398642,157
tt7398750,114
tt7400118,38
tt7400672,39
tt7401070,19
tt7401588,33334
tt7402108,730
tt7403570,361
tt7403574,74
tt7404062,47
tt7404864,6
tt7406186,196
tt7406736,19
tt7407496,25
tt7407874,8
tt7408772,24
tt7408776,106
tt7408796,81
tt7411202,9
tt7412572,52
tt7412738,774
tt7412802,6
tt7413472,53
tt7414870,21
tt7415466,117
tt7415698,31
tt7416536,50
tt7418348,6
tt7419218,16
tt7419278,38
tt7419468,148
tt7422416,12
tt7422552,72
tt7422790,332
tt7423858,37
tt7424200,11386
tt7424410,99
tt7425520,112
tt7428030,7
tt7428166,76
tt7429708,708
tt7431594,28443
tt7433400,13
tt7434040,97
tt7434070,33
tt7434928,104
tt7436428,21
tt7437492,32
tt7437638,36
tt7438912,22
tt7440432,2167
tt7440524,241
tt7441876,181
tt7442044,252
tt7442160,77
tt7442274,694
tt7442362,18
tt7444388,14
tt7445552,85
tt7445772,70
tt7447304,107
tt7448180,2682
tt7450346,320
tt7451284,13187
tt7453280,31
tt7453418,78
tt7455076,104
tt7455754,226
tt7456468,66
tt7456534,644
tt7457232,10
tt7457870,33
tt7458714,226
tt7458798,48
tt7458872,136
tt7459182,523
tt7460110,5
tt7460806,2945
tt7460870,35
tt7461200,1916
tt7461300,216
tt7464084,27
tt7464188,530
tt7465992,6616
tt7466894,10
tt7467324,326
tt7468070,17
tt7468512,13
tt7468604,101
tt7468616,27
tt7469204,208
tt7470414,1836
tt7470850,51
tt7471026,5
tt7471530,5
tt7471884,67
tt7472352,2600
tt7473028,225
tt7473032,91
tt7473034,9
tt7473036,115
tt7473390,76
tt7474430,10
tt7474432,61
tt7474512,128
tt7474658,64
tt7474914,80
tt7474996,129
tt7475540,437
tt7475654,26
tt7475832,185
tt7475882,28
tt7475952,48
tt7476116,2729
tt7476236,3899
tt7476438,1502
tt7476784,26
tt7476810,153
tt7476856,26
tt7476946,353
tt7477068,162
tt7477108,297
tt7477126,19
tt7477310,768
tt7478112,178
tt7478160,552
tt7478522,28
tt7479218,34
tt7479878,10
tt7479902,559
tt7480724,12
tt7481212,15
tt7482212,176
tt7482302,153
tt7483318,483
tt7483340,642
tt7484128,41
tt7484546,8
tt7485508,1036
tt7485602,397
tt7485796,12
tt7486356,149
tt7488138,12
tt7488536,13
tt7489740,180
tt7489754,24
tt7489816,6592
tt7489844,162
tt7490256,626
tt7490282,5
tt7490368,64
tt7491128,395
tt7491144,459
tt7491196,35
tt7491954,10
tt7491968,42
tt7491986,47
tt7493274,11
tt7493804,57
tt7493808,143
tt7493810,11
tt7493818,132
tt7494416,19
tt7496972,29
tt7497366,16
tt7499368,24
tt7500618,410
tt7502234,322
tt7503708,19
tt7507268,60
tt7508988,7
tt7509020,282
tt7510038,28
tt7510220,619
tt7510224,28
tt7510244,7
tt7510256,9
tt7510284,147
tt7510798,1246
tt7511368,47
tt7512276,95
tt7512582,13
tt7512624,405
tt7512950,14
tt7513016,13
tt7515456,2059
tt7517054,319
tt7517232,38
tt7520184,25
tt7520196,9
tt7520286,166
tt7520532,120
tt7520626,7
tt7520672,22
tt7520752,5
tt7520980,249
tt7521000,64
tt7521504,21
tt7521856,136
tt7521858,68
tt7521860,63
tt7521990,448
tt7522778,12
tt7522782,36
tt7523010,1202
tt7523180,222
tt7524352,6
tt7524980,11
tt7525514,386
tt7525778,9552
tt7525884,32
tt7525936,41
tt7526164,41
tt7526492,77
tt7526836,561
tt7527082,39
tt7527512,23
tt7527526,27
tt7527538,548
tt7527564,83
tt7527626,7
tt7527694,724
tt7527880,6
tt7527912,43
tt7528086,95
tt7529350,34
tt7529360,67
tt7529650,166
tt7530358,12
tt7530450,66
tt7530986,895
tt7531138,36
tt7531990,805
tt7532392,35
tt7533160,18
tt7533422,95
tt7533756,166
tt7533956,457
tt7534054,1439
tt7534068,1007
tt7534096,474
tt7534118,27
tt7534150,118
tt7534306,16
tt7534314,651
tt7534342,41
tt7535288,5
tt7535794,47
tt7537860,56
tt7537960,135
tt7538958,837
tt7540990,25
tt7542576,747
tt7543138,6
tt7543784,56
tt7543794,15
tt7543888,44
tt7543914,105
tt7543916,5
tt7543918,26
tt7543930,304
tt7544954,10
tt7545052,5
tt7545524,7115
tt7545566,2048
tt7546158,20
tt7546190,12
tt7546486,1666
tt7546996,5
tt7547158,392
tt7547800,41
tt7548328,117
tt7548378,45
tt7548570,886
tt7549168,135
tt7549618,230
tt7549782,78
tt7550952,833
tt7551292,15
tt7552850,20
tt7553766,11
tt7555552,125
tt7555774,720
tt7557024,723
tt7558166,30
tt7558548,85
tt7558858,5
tt7558912,5
tt7559816,7
tt7561860,74
tt7562932,148
tt7563496,65
tt7563942,42
tt7563968,21
tt7564016,66
tt7566518,281
tt7568856,190
tt7569402,7
tt7569660,36
tt7570134,25
tt7570568,11
tt7571726,10
tt7571992,225
tt7573324,13
tt7573790,9
tt7573810,12
tt7573844,72
tt7574106,18
tt7574126,33
tt7575000,37
tt7575400,47
tt7575410,56
tt7575440,88
tt7575534,9
tt7575550,22
tt7575642,19
tt7575778,98
tt7575902,26
tt7576426,21
tt7576678,60
tt7578566,963
tt7578858,12
tt7579694,5
tt7579772,11
tt7579962,12
tt7580076,27
tt7580598,453
tt7580994,102
tt7581116,28
tt7581572,1759
tt7581902,15555
tt7582778,65
tt7582962,593
tt7583042,15
tt7583274,14
tt7583568,61
tt7583794,8
tt7585270,887
tt7585540,273
tt7586752,46
tt7587232,18
tt7587550,6
tt7587878,48
tt7589524,279
tt7589670,601
tt7591430,94
tt7591780,6
tt7592758,363
tt7593636,5
tt7594378,297
tt7594568,163
tt7597454,175
tt7597486,624
tt7598224,39
tt7598276,37
tt7600294,125
tt7600418,13
tt7600664,5
tt7601296,329
tt7601308,617
tt7601594,69
tt7601708,9
tt7602430,96
tt7603290,5
tt7603582,17
tt7604032,134
tt7604594,8
tt7605084,100
tt7605922,1555
tt7606162,53
tt7606620,269
tt7606902,7
tt7607518,5
tt7607602,14
tt7607940,1977
tt7608028,24169
tt7608988,5
tt7609114,782
tt7609436,71
tt7610196,746
tt7610620,33
tt7610914,16
tt7611326,33
tt7611352,14
tt7611474,14
tt7611880,13
tt7611944,12
tt7612992,7
tt7613398,231
tt7613996,205
tt7614016,94
tt7614030,37
tt7615302,130
tt7615722,363
tt7616974,64
tt7617988,463
tt7618184,11153
tt7618654,11
tt7619554,31
tt7620218,66
tt7620746,175
tt7621284,16
tt7621972,27
tt7622662,19
tt7624934,49
tt7625712,93
tt7625892,8
tt7626042,131
tt7628080,75
tt7628458,2139
tt7628468,69
tt7628846,9
tt7631320,142
tt7631792,137
tt7632348,6
tt7632930,888
tt7633090,11
tt7633666,39
tt7634614,11
tt7634654,62
tt7634746,16
tt7635926,26
tt7636672,38
tt7637180,6
tt7637350,350
tt7637874,55
tt7637968,94
tt7638094,67
tt7638110,132
tt7638344,7943
tt7639236,5
tt7639528,382
tt7639574,72
tt7639922,18
tt7640198,321
tt7640230,10
tt7640234,27
tt7641782,63
tt7641872,93
tt7642326,221
tt7644306,15
tt7645780,203
tt7648416,590
tt7648704,120
tt7650108,13
tt7652190,7
tt7652452,232
tt7654178,27
tt7654492,5
tt7654674,48
tt7654710,20
tt7654872,552
tt7654890,249
tt7654946,143
tt7655142,188
tt7655524,14
tt7656570,21
tt7656770,183
tt7657748,12
tt7658384,306
tt7658426,8
tt7658610,14
tt7658868,135
tt7660450,272
tt7660966,13
tt7661556,9
tt7662926,9
tt7664504,13207
tt7665476,675
tt7666250,351
tt7667558,288
tt7668724,656
tt7668842,51191
tt7668870,86787
tt7670220,6
tt7671414,12
tt7672068,18
tt7672868,63
tt7673154,11
tt7673416,26
tt7673882,5
tt7675404,1073
tt7675596,14
tt7676066,23
tt7678460,17
tt7679126,585
tt7679190,145
tt7679754,102
tt7679884,63
tt7680734,8
tt7681112,57
tt7681824,2317
tt7681868,38
tt7681902,15563
tt7681970,667
tt7682430,17
tt7683148,141
tt7683350,79
tt7683896,37
tt7688134,17
tt7688420,19
tt7688638,6
tt7689182,93
tt7689424,590
tt7689484,253
tt7689906,1064
tt7689908,414
tt7689910,428
tt7689912,65
tt7689924,814
tt7689926,320
tt7689928,284
tt7689932,112
tt7689934,66
tt7689936,1043
tt7689940,232
tt7689946,71
tt7689950,114
tt7689956,84
tt7689958,1077
tt7689960,361
tt7689964,7215
tt7689966,4567
tt7690016,1417
tt7690022,15
tt7690026,11
tt7690466,666
tt7690638,3412
tt7690670,4349
tt7690762,654
tt7690774,72
tt7692824,311
tt7692966,202
tt7694738,436
tt7695014,568
tt7695300,132
tt7695522,324
tt7697870,21
tt7699198,116
tt7699320,70
tt7700730,9825
tt7700814,5
tt7701650,10
tt7701808,1075
tt7702336,396
tt7702382,14
tt7705694,7
tt7705790,1517
tt7707314,792
tt7707950,25
tt7708146,128
tt7708476,49
tt7709664,26
tt7709804,99
tt7710160,8
tt7710836,5
tt7711336,10
tt7711342,2302
tt7712252,43
tt7712452,6
tt7712564,65
tt7712736,59
tt7712746,188
tt7714510,88
tt7714802,16
tt7715202,10445
tt7715244,101
tt7715988,358
tt7716360,9
tt7716754,17
tt7717440,1034
tt7717990,65
tt7718310,8
tt7719620,9
tt7719976,578
tt7720254,21
tt7720282,6
tt7720922,3763
tt7721550,92
tt7722156,5
tt7722258,704
tt7723022,63
tt7724322,49
tt7724516,6
tt7725596,16537
tt7726074,79
tt7730102,99
tt7730492,102
tt7730528,6
tt7730856,7
tt7731512,215
tt7733426,182
tt7734238,29
tt7734336,19
tt7734566,5
tt7735502,169
tt7737176,44
tt7737928,12
tt7738450,6719
tt7738594,581
tt7738784,9067
tt7738930,637
tt7740160,10
tt7740284,173
tt7740342,22
tt7740572,8
tt7741602,674
tt7742072,6
tt7742276,9
tt7742656,23
tt7742704,212
tt7743448,7
tt7744192,55
tt7744742,9
tt7745044,277
tt7745068,2413
tt7745080,21
tt7745976,13
tt7746590,46
tt7746606,46
tt7746728,25
tt7748226,785
tt7748244,10258
tt7748426,4417
tt7748432,459
tt7748478,141
tt7748494,167
tt7748852,17
tt7751192,82
tt7752302,10
tt7752454,1199
tt7753158,239
tt7753296,42
tt7753502,14
tt7753540,47
tt7754222,53
tt7754284,19
tt7754486,41
tt7754496,119
tt7754564,144
tt7755520,152
tt7755856,18
tt7756082,296
tt7756494,429
tt7757844,101
tt7757972,254
tt7758160,5167
tt7759626,332
tt7760084,315
tt7761014,227
tt7762616,21
tt7762748,125
tt7762772,106
tt7762982,1160
tt7763020,1198
tt7763400,20
tt7764650,1401
tt7765120,557
tt7765910,5514
tt7766144,40
tt7767582,8
tt7767640,8
tt7767866,475
tt7767874,143
tt7768834,16
tt7768838,8
tt7768846,504
tt7769308,22
tt7769310,63
tt7769346,8
tt7769530,96
tt7769716,20
tt7769728,71
tt7770192,704
tt7771768,10
tt7772394,44
tt7772412,137
tt7772580,45
tt7773210,580
tt7773436,85
tt7773598,386
tt7773704,12
tt7775622,21650
tt7775886,128
tt7775910,7
tt7776030,16
tt7776050,77
tt7776430,200
tt7776838,495
tt7776936,216
tt7777960,7
tt7779590,302
tt7779936,23
tt7780808,121
tt7781424,15
tt7784604,139381
tt7784788,183
tt7785128,32
tt7786258,10
tt7786264,81
tt7786540,55
tt7786752,112
tt7787744,30
tt7790040,36
tt7790254,23
tt7790898,255
tt7791048,47
tt7791054,59
tt7791188,89
tt7791496,13
tt7794040,407
tt7794052,1207
tt7794358,15
tt7794524,4417
tt7795376,247
tt7796428,83
tt7797658,1936
tt7798844,787
tt7799386,207
tt7800040,146
tt7804254,19
tt7806572,10
tt7807026,1488
tt7807064,155
tt7807388,9
tt7807406,26
tt7808216,48
tt7812334,16
tt7813466,5
tt7814598,32
tt7816386,1059
tt7816392,2000
tt7816596,49
tt7817024,130
tt7817448,92
tt7817874,70
tt7819316,6
tt7819394,130
tt7819506,33
tt7819514,9
tt7819598,21
tt7819668,15
tt7819860,163
tt7820280,75
tt7820526,55
tt7820846,1597
tt7821044,13
tt7821192,24
tt7821898,6
tt7822050,20
tt7822320,283
tt7822440,217
tt7822454,38
tt7822496,9
tt7822522,9
tt7822540,10
tt7822622,5
tt7823036,33
tt7823830,25
tt7825894,20
tt7826276,265
tt7826518,27
tt7827658,128
tt7827728,9
tt7827808,17
tt7829490,33
tt7830428,96
tt7830584,157
tt7830960,551
tt7831208,7
tt7831670,50
tt7831674,13
tt7832124,7883
tt7833952,539
tt7834022,91
tt7834694,143
tt7836694,14
tt7838150,16
tt7838158,88
tt7838252,21749
tt7838260,5
tt7838278,24
tt7838494,58
tt7839094,23
tt7839334,98
tt7839456,648
tt7839574,28
tt7841496,2373
tt7841664,14
tt7842682,22
tt7842764,73
tt7843946,2462
tt7844164,35
tt7844166,1450
tt7844450,261
tt7844518,109
tt7846056,13
tt7847324,6
tt7847352,28
tt7848100,24
tt7849092,26
tt7850980,307
tt7851142,15
tt7851694,25
tt7851964,84
tt7852002,14
tt7852120,195
tt7852504,10
tt7852884,40
tt7852910,64
tt7852918,256
tt7853242,5580
tt7853260,253
tt7853268,176
tt7853278,101
tt7853282,183
tt7853292,782
tt7853312,8
tt7853540,7
tt7854040,47
tt7854174,347
tt7856166,411
tt7856176,164
tt7856368,10
tt7856386,25
tt7856404,5
tt7856424,45
tt7857658,8
tt7857668,9
tt7858228,38
tt7858278,60
tt7858408,56
tt7858466,159
tt7858616,314
tt7858640,6
tt7858992,41
tt7860270,232
tt7860284,14
tt7860872,6
tt7861446,21
tt7861510,61
tt7861698,23
tt7861970,30
tt7862330,2918
tt7862516,10
tt7862550,7
tt7862842,22
tt7862998,159
tt7863080,61
tt7863198,1279
tt7865428,31
tt7865612,7
tt7866188,50
tt7866702,59
tt7866918,44
tt7867076,314
tt7867270,12
tt7867358,69
tt7867670,1081
tt7869176,11
tt7870578,127
tt7870592,15
tt7871636,1532
tt7871664,8
tt7872636,19
tt7873610,5
tt7873992,84
tt7874302,7
tt7874378,778
tt7875464,1608
tt7876312,12
tt7877016,161
tt7877232,71
tt7877276,42
tt7877982,102
tt7878846,465
tt7879986,12
tt7880466,695
tt7881542,831
tt7881558,715
tt7881954,456
tt7882104,421
tt7883774,78
tt7884086,5
tt7884578,6
tt7884942,6
tt7885874,295
tt7886442,445
tt7886614,160
tt7886740,21
tt7886846,357
tt7886854,11
tt7886978,26
tt7887514,48
tt7888070,207
tt7889514,49
tt7889878,8
tt7889902,5
tt7890408,233
tt7891470,287
tt7891670,50
tt7892050,4233
tt7892706,10
tt7892712,106
tt7893482,73
tt7893992,346
tt7894140,5
tt7895852,86
tt7895904,1629
tt7897012,59
tt7897088,29
tt7897102,980
tt7897122,100
tt7897150,12
tt7897276,6
tt7897306,727
tt7897316,21
tt7897324,112
tt7897348,1135
tt7897432,285
tt7897468,105
tt7897478,1213
tt7897560,42
tt7899242,12
tt7899260,13
tt7900528,649
tt7901140,8
tt7901246,11
tt7901268,162
tt7901384,268
tt7901408,797
tt7901572,103
tt7901610,167
tt7901786,14
tt7901798,772
tt7901824,31
tt7901840,34
tt7901864,28
tt7901882,64
tt7902704,132
tt7903634,53
tt7904074,38
tt7904228,29
tt7904606,28
tt7904918,25
tt7905440,18
tt7905466,12627
tt7906210,24
tt7906262,45
tt7906422,90
tt7908092,80
tt7908792,30
tt7909444,444
tt7910444,789
tt7912470,1372
tt7912678,58
tt7913172,367
tt7913394,173
tt7913934,692
tt7913994,32
tt7914798,5
tt7914972,9
tt7915536,19
tt7915554,405
tt7915672,8
tt7916122,8
tt7916674,16
tt7917484,103
tt7917688,26
tt7917826,5
tt7918174,6
tt7919336,7
tt7919356,7
tt7919372,82
tt7919426,25
tt7919598,27
tt7919680,7921
tt7919856,11
tt7920010,95
tt7920138,13
tt7921182,37
tt7921302,54
tt7921992,7
tt7923222,9
tt7923374,671
tt7924042,8
tt7925066,429
tt7925418,75
tt7925504,93
tt7925800,387
tt7926238,64
tt7926824,16
tt7926840,141
tt7928214,52
tt7929156,8
tt7929406,149
tt7930006,366
tt7931968,27
tt7932710,6
tt7933282,185
tt7933544,34
tt7933564,163
tt7934080,5
tt7935328,36
tt7935892,183
tt7935980,29
tt7936538,494
tt7937392,7
tt7937758,5
tt7937990,24
tt7938092,761
tt7938128,93
tt7938178,6
tt7938336,823
tt7938400,540
tt7938444,531
tt7938478,54
tt7938498,12
tt7938790,63
tt7939116,14
tt7939266,9
tt7940122,134
tt7941444,12
tt7941612,100
tt7941892,166
tt7942044,44
tt7942696,22
tt7942708,388
tt7942742,394
tt7943040,348
tt7943162,98
tt7943248,86
tt7943258,25
tt7943328,28
tt7943504,35
tt7943580,87
tt7945360,110
tt7945396,61
tt7945440,45
tt7945596,25
tt7945822,151
tt7946114,6
tt7946422,4823
tt7946584,9
tt7946644,303
tt7946836,2270
tt7947150,18
tt7947336,111
tt7947364,13
tt7947470,280
tt7947534,17
tt7947902,45
tt7948406,9
tt7948540,483
tt7948818,10
tt7949046,467
tt7949178,128
tt7950064,6
tt7950334,209
tt7950388,68
tt7951242,16
tt7951272,15
tt7952000,657
tt7952620,13
tt7952840,136
tt7952920,189
tt7953386,344
tt7953568,15
tt7953814,888
tt7954000,54
tt7954100,7
tt7954282,26
tt7955106,250
tt7955554,179
tt7955712,74
tt7955970,131
tt7956134,9
tt7957456,42
tt7958614,110
tt7958644,64
tt7958740,19
tt7959026,31160
tt7959042,32
tt7959216,6562
tt7959390,24
tt7959500,1007
tt7959520,39
tt7959876,219
tt7959898,58
tt7959952,19
tt7960168,52
tt7960400,18
tt7960458,234
tt7960790,18
tt7960908,40
tt7960918,31
tt7961060,14382
tt7961082,12
tt7961144,7
tt7961558,99
tt7962598,204
tt7962890,29
tt7962932,304
tt7962934,17
tt7963218,573
tt7963804,214
tt7963848,34
tt7963996,28
tt7964104,25
tt7966360,6
tt7966586,451
tt7966920,294
tt7967296,6
tt7967364,20
tt7967388,30
tt7967600,46
tt7967754,12
tt7967834,138
tt7967846,21
tt7967954,200
tt7968114,7
tt7968170,27
tt7968344,5
tt7968500,75
tt7968976,39
tt7969042,149
tt7969140,164
tt7971388,33
tt7971756,27
tt7972178,92
tt7972528,36
tt7972674,131
tt7973608,9
tt7973916,971
tt7974128,7
tt7974204,25
tt7974234,42
tt7974444,5
tt7974608,24
tt7974772,6817
tt7975046,325
tt7975674,30
tt7976370,34
tt7976486,84
tt7976502,108
tt7976904,85
tt7976972,65
tt7977036,13
tt7977162,71
tt7977310,34
tt7977594,53
tt7977914,75
tt7979310,24
tt7979510,183
tt7979652,7
tt7980006,433
tt7980050,22
tt7980094,149
tt7980152,103
tt7980762,6
tt7981182,294
tt7981260,773
tt7981404,48
tt7981452,35
tt7981492,874
tt7981638,8
tt7981754,9
tt7981864,13
tt7983348,88
tt7983678,134
tt7983794,1573
tt7983844,3345
tt7983928,7
tt7984730,205
tt7984826,78
tt7986084,5
tt7986222,1584
tt7986672,136
tt7986760,26
tt7986790,16
tt7989512,7
tt7989520,5
tt7990046,6
tt7990058,135
tt7991418,25
tt7991628,116
tt7991818,10
tt7993338,19
tt7993666,6
tt7994070,83
tt7994188,308
tt7996170,37
tt7996560,78
tt7997042,76
tt7997292,13
tt7997646,14
tt7997932,238
tt7998260,211
tt7998306,14
tt7999584,8
tt7999770,51
tt7999950,191
tt7999960,10
tt7999962,191
tt7999980,512
tt8000146,6
tt8000314,436
tt8000708,8
tt8001346,1463
tt8001400,23
tt8001748,45
tt8001954,8
tt8002356,13
tt8003558,134
tt8005366,911
tt8005982,22
tt8006356,20
tt8006398,10
tt8006426,216
tt8006926,49
tt8007250,44
tt8007436,200
tt8008664,14
tt8009306,6
tt8009522,154
tt8009578,119
tt8009736,8
tt8009906,12
tt8009976,5
tt8010444,15
tt8010518,37
tt8010954,31
tt8011276,1330
tt8011288,788
tt8011296,31
tt8011302,248
tt8011324,540
tt8011328,1254
tt8011334,27
tt8011450,26
tt8011712,49
tt8012148,20
tt8012220,20
tt8012228,14
tt8013280,122
tt8013338,7
tt8013642,21
tt8013990,48
tt8014038,18
tt8014130,6
tt8014206,15
tt8014422,14
tt8014482,57
tt8015080,2952
tt8015984,8
tt8016004,7
tt8016032,34
tt8016640,11
tt8016648,660
tt8016666,221
tt8016672,174
tt8016720,15
tt8016764,101
tt8017700,25
tt8018008,1076
tt8019076,8
tt8019290,29
tt8020646,25
tt8020896,1393
tt8021048,111
tt8021662,21
tt8022648,13
tt8023734,1603
tt8023928,15
tt8024224,11
tt8024556,267
tt8024712,2968
tt8025310,25
tt8026554,116
tt8027286,28
tt8027322,3878
tt8027448,14
tt8028486,12
tt8028526,39
tt8029242,148
tt8031054,5
tt8031554,289
tt8032636,5
tt8032834,53
tt8032912,1176
tt8033428,554
tt8033592,1498
tt8033702,170
tt8033704,25
tt8033802,14
tt8034094,15
tt8034372,23
tt8034848,8
tt8035116,6
tt8036174,25
tt8037610,229
tt8037648,40
tt8037650,85
tt8038150,68
tt8038160,31
tt8038452,25
tt8040482,7
tt8040732,35
tt8041244,17
tt8041274,32
tt8041916,543
tt8041922,435
tt8042234,25
tt8042324,394
tt8042452,264
tt8042598,20
tt8043038,109
tt8043092,850
tt8043254,31
tt8043306,2631
tt8043456,178
tt8045100,6
tt8045170,66
tt8045436,12
tt8045470,28
tt8045586,36
tt8045670,533
tt8045994,25
tt8046598,61
tt8046636,90
tt8047208,1472
tt8047262,78
tt8049582,5
tt8049858,56
tt8050266,166
tt8050598,74
tt8050610,344
tt8050672,120
tt8051738,620
tt8052720,12
tt8053258,678
tt8053302,250
tt8053430,5
tt8053490,34
tt8054150,877
tt8054238,5
tt8055324,10
tt8055880,247
tt8055888,664
tt8056032,20
tt8056080,11
tt8056916,22
tt8056932,23
tt8058904,63
tt8059026,21
tt8059212,25
tt8059266,17
tt8059382,14
tt8059506,37
tt8059654,183
tt8059764,56
tt8060288,66
tt8060356,14
tt8060408,964
tt8060540,26
tt8060588,43
tt8060604,372
tt8060624,702
tt8060640,298
tt8060652,184
tt8061070,569
tt8061218,11
tt8061420,14
tt8063826,357
tt8064262,24
tt8064342,96
tt8065750,13
tt8065772,194
tt8065796,375
tt8065816,19
tt8065870,288
tt8066076,148
tt8066144,6
tt8066304,57
tt8066574,442
tt8066972,387
tt8067306,142
tt8067948,8
tt8068228,6
tt8068678,87
tt8068936,414
tt8069134,98
tt8069256,16
tt8069436,108
tt8069862,102
tt8071054,37
tt8071062,9
tt8071196,19
tt8071204,56
tt8071308,66
tt8071688,726
tt8072078,257
tt8072400,1037
tt8072746,27
tt8073604,56
tt8074328,70
tt8074486,802
tt8074648,5
tt8074880,6
tt8075192,23786
tt8075202,289
tt8076222,465
tt8076266,318
tt8076344,333
tt8076418,180
tt8077382,77
tt8077746,28
tt8080354,32
tt8080534,24
tt8080556,735
tt8081062,3225
tt8081100,17
tt8081638,223
tt8083310,8
tt8083504,8
tt8083622,54
tt8084510,277
tt8084572,66
tt8084776,5
tt8085136,5
tt8085616,99
tt8085890,82
tt8086288,24
tt8088056,18
tt8088086,8
tt8089220,272
tt8089548,23
tt8090628,566
tt8090778,7
tt8091606,8
tt8092252,1950
tt8092490,30
tt8092888,89
tt8092932,311
tt8092968,14
tt8093484,6
tt8093952,513
tt8094272,186
tt8094282,10
tt8094308,25
tt8094320,222
tt8094884,6
tt8094980,28
tt8095860,759
tt8096198,10
tt8096558,290
tt8097306,3018
tt8098416,21
tt8098546,256
tt8098548,485
tt8098636,55
tt8099132,76
tt8099184,7
tt8099226,38
tt8099236,380
tt8099264,53
tt8101390,28
tt8101414,5
tt8101694,36
tt8102046,7
tt8103100,13
tt8103460,5
tt8103480,14
tt8103746,46
tt8104564,19
tt8105580,47
tt8105640,22
tt8105846,100
tt8106160,2915
tt8106460,23
tt8106562,43
tt8106566,181
tt8106568,454
tt8106570,1331
tt8106572,34
tt8106576,1557
tt8106580,10
tt8106584,259
tt8106586,21
tt8106588,79
tt8106590,6
tt8106592,16
tt8106596,42
tt8106708,121
tt8107464,631
tt8107882,296
tt8108034,1903
tt8108104,76
tt8108150,9
tt8108168,363
tt8108180,31
tt8108190,35
tt8108198,37822
tt8108202,18046
tt8108212,37
tt8108230,729
tt8108248,17
tt8108278,182
tt8109282,6
tt8109932,10
tt8110090,92
tt8110290,10
tt8110474,10
tt8110590,7
tt8110966,124
tt8111636,32
tt8112172,10
tt8112198,9
tt8113950,104
tt8115282,182
tt8115300,340
tt8115474,29
tt8116036,6
tt8116368,38
tt8116428,3028
tt8116438,12
tt8116550,134
tt8116574,275
tt8116610,37
tt8116612,70
tt8117472,14
tt8118944,32
tt8119454,13
tt8119680,576
tt8119752,2310
tt8119782,50
tt8120072,6
tt8120244,21
tt8120934,59
tt8122018,707
tt8123608,5
tt8123728,7
tt8124376,18
tt8125520,6
tt8125842,336
tt8126068,38
tt8126130,21
tt8126390,1052
tt8126440,30
tt8128618,173
tt8128672,34
tt8128798,24
tt8128970,8
tt8129666,8
tt8129794,463
tt8130904,5
tt8131976,70
tt8132326,6
tt8132516,11
tt8132700,3565
tt8133888,329
tt8134468,26
tt8134636,16
tt8135494,6840
tt8135554,12
tt8136112,5
tt8136908,224
tt8137552,35
tt8137722,92
tt8138394,59
tt8139010,6
tt8139850,661
tt8140564,125
tt8141332,10
tt8142044,149
tt8142370,8
tt8142712,147
tt8143896,18
tt8144778,744
tt8144850,124
tt8144954,35
tt8145144,154
tt8145820,39
tt8145968,129
tt8146414,260
tt8146710,14
tt8146836,7
tt8147032,41
tt8147842,13
tt8148018,53
tt8150238,29
tt8150712,10
tt8150730,11
tt8150768,74
tt8150782,12
tt8150828,16
tt8152750,20
tt8152986,10
tt8155662,9
tt8156742,179
tt8156962,5
tt8157072,26
tt8157482,30
tt8158512,31
tt8158828,111
tt8159302,31
tt8159562,76
tt8159764,12
tt8160694,169
tt8160890,96
tt8161106,26
tt8161166,442
tt8161226,207
tt8161390,17
tt8161396,79
tt8161554,299
tt8161726,55
tt8161802,36
tt8161814,19
tt8163814,28
tt8165246,56
tt8166164,196
tt8167820,13
tt8167872,463
tt8168814,8
tt8169178,39
tt8169182,6
tt8169290,22
tt8170252,101
tt8170902,124
tt8171022,8
tt8171080,45
tt8171548,155
tt8171864,12
tt8172164,11
tt8173728,397
tt8174250,5
tt8174290,13
tt8174318,12
tt8175968,227
tt8176054,4617
tt8176146,12
tt8176282,27
tt8176302,7
tt8176308,16
tt8176558,49
tt8176578,2918
tt8177262,9
tt8177524,7
tt8177638,52
tt8178396,55
tt8178616,9
tt8178630,24
tt8178958,29
tt8178992,1021
tt8179186,6
tt8179218,231
tt8180398,15
tt8181336,17
tt8181502,20
tt8183418,55
tt8183544,20
tt8183556,135
tt8183570,32
tt8183594,470
tt8183640,11
tt8184388,10
tt8185094,269
tt8185182,1146
tt8185412,9
tt8185526,137
tt8187918,82
tt8188444,33
tt8188592,10
tt8188734,9
tt8188872,1539
tt8190748,76
tt8190820,53
tt8190902,43
tt8192824,37
tt8192874,7
tt8193626,93
tt8193772,22
tt8193876,50
tt8194728,26
tt8195434,5
tt8196068,462
tt8196200,32
tt8196214,13
tt8197340,5
tt8197418,72
tt8197998,1316
tt8198074,14
tt8198684,35
tt8198998,38
tt8199888,38
tt8200864,6
tt8200998,107
tt8201974,18
tt8202076,269
tt8202612,4950
tt8202618,8
tt8203706,492
tt8205082,17
tt8206646,5
tt8206708,722
tt8206950,64
tt8207294,42
tt8207640,9
tt8207768,63
tt8208098,756
tt8209632,22
tt8209992,6
tt8210516,303
tt8210704,6
tt8211980,17
tt8212142,9
tt8212614,286
tt8213552,6
tt8214666,8
tt8215408,13
tt8216094,5
tt8216392,5
tt8217244,242
tt8218940,43
tt8219520,116
tt8219526,12
tt8220556,26
tt8220646,260
tt8220706,326
tt8221676,208
tt8222342,119
tt8222408,306
tt8223250,634
tt8223316,7
tt8223396,31
tt8223844,86
tt8226078,52
tt8226340,11
tt8226482,6
tt8226904,51
tt8228262,7
tt8228460,5
tt8228538,125
tt8228588,23
tt8228700,78
tt8228894,14
tt8229568,68
tt8230386,37
tt8231070,12
tt8231242,36
tt8232016,13
tt8232232,351
tt8232648,51
tt8233184,36
tt8233368,331
tt8234502,196
tt8234866,75
tt8235056,25
tt8235296,826
tt8235966,263
tt8236200,6
tt8236394,83
tt8236398,76
tt8236566,41
tt8236588,11
tt8237282,66
tt8237310,16
tt8237340,165
tt8237768,81
tt8237862,14
tt8237888,36
tt8238250,7
tt8238312,7
tt8239736,579
tt8239946,12736
tt8240202,447
tt8242340,110
tt8243058,6
tt8244394,19
tt8245498,30
tt8245936,10
tt8246270,5
tt8246980,310
tt8247470,153
tt8250640,202
tt8251150,10
tt8251336,8
tt8253654,7
tt8253812,6
tt8254080,24
tt8254556,5429
tt8255452,71
tt8255490,16
tt8255690,17
tt8256958,7
tt8257128,85
tt8257624,128
tt8257900,24
tt8258622,25
tt8258680,14
tt8259148,17
tt8259618,50
tt8260226,274
tt8262118,15
tt8262226,81
tt8262666,8
tt8262802,5305
tt8264270,5
tt8264546,368
tt8264754,35
tt8265174,368
tt8266010,106
tt8267112,8
tt8267142,21
tt8267604,12108
tt8268096,11
tt8269126,11
tt8269174,24
tt8269204,76
tt8269352,176
tt8269378,165
tt8269380,6
tt8269438,12
tt8269466,12
tt8269490,42
tt8269552,1502
tt8271182,98
tt8272282,7
tt8272332,8
tt8272406,21
tt8273258,176
tt8274146,395
tt8274978,9
tt8275250,6
tt8275366,5
tt8275670,73
tt8276106,6
tt8276896,125
tt8276936,18
tt8280420,13
tt8281226,5
tt8282042,1425
tt8282468,8
tt8282964,9
tt8283556,11
tt8283704,11
tt8284822,149
tt8285136,17
tt8285496,6
tt8285564,9
tt8286134,9
tt8286436,7
tt8286670,21
tt8286894,637
tt8286926,1054
tt8287434,7
tt8287690,138
tt8288836,1283
tt8289002,18
tt8289196,432
tt8289986,20
tt8290698,1112
tt8291244,11
tt8292528,48
tt8292588,15
tt8293906,11
tt8294204,241
tt8294696,21
tt8295286,495
tt8296592,393
tt8296602,63
tt8296606,39
tt8296608,80
tt8296892,38
tt8297036,5
tt8297042,42
tt8297550,87
tt8297660,15
tt8297816,54
tt8297824,5
tt8299032,103
tt8299306,52
tt8299800,177
tt8299896,46
tt8300036,32
tt8301252,12
tt8301540,6
tt8302022,11
tt8302546,6
tt8302976,49
tt8302986,207
tt8303258,98
tt8303588,431
tt8304276,528
tt8305116,316
tt8305366,8
tt8305374,23
tt8305666,107
tt8305690,238
tt8305692,346
tt8306022,39
tt8306146,43
tt8306800,14
tt8307082,1205
tt8308174,128
tt8308330,27
tt8308496,36
tt8308556,19
tt8309496,50
tt8310282,18
tt8310710,29
tt8311792,232
tt8312428,84
tt8313262,19
tt8314254,11
tt8315092,9
tt8315128,144
tt8315704,20
tt8316026,15
tt8316074,126
tt8317718,7
tt8318556,43
tt8319098,423
tt8319694,71
tt8319778,25
tt8320168,6
tt8320378,306
tt8320394,16
tt8320654,54
tt8322784,6
tt8322828,160
tt8323088,9
tt8323326,8
tt8323404,14
tt8323980,20
tt8324462,345
tt8324474,249
tt8324576,186
tt8324754,6
tt8325376,9
tt8327492,108
tt8328612,76
tt8328740,96
tt8329150,21
tt8329290,1295
tt8329376,27
tt8329540,7
tt8329618,70
tt8330280,13
tt8330392,9
tt8330720,128
tt8331988,74
tt8332094,6
tt8332142,29
tt8332280,34
tt8332364,13
tt8332772,10
tt8332808,9
tt8333792,47
tt8334056,40
tt8335576,19
tt8335880,1936
tt8336688,7
tt8336974,32
tt8337916,22
tt8338068,15
tt8338746,171
tt8338754,130
tt8339444,48
tt8339458,36
tt8339576,46
tt8341256,5
tt8342962,49
tt8343642,473
tt8344532,223
tt8346446,84
tt8346454,19
tt8346546,6
tt8347414,22
tt8347882,260
tt8348052,6
tt8348286,13
tt8351278,54
tt8351596,27
tt8351882,371
tt8352390,7
tt8353048,10
tt8354006,50
tt8354414,235
tt8354642,154
tt8355636,99
tt8355778,6
tt8356200,10
tt8357502,7
tt8358682,206
tt8359848,18986
tt8359858,15
tt8359898,38
tt8359918,27
tt8360158,17
tt8361028,15955
tt8361142,5
tt8361210,9
tt8361898,12
tt8362912,37
tt8362964,1427
tt8363508,23
tt8363664,6
tt8363758,11
tt8363908,68
tt8364062,12
tt8364106,21
tt8364128,32
tt8364356,571
tt8364418,1029
tt8365050,50
tt8365160,15
tt8365356,18
tt8365390,58
tt8365432,209
tt8365818,7
tt8366766,203
tt8367000,11
tt8367080,362
tt8368032,1486
tt8370818,8
tt8370876,20
tt8371772,304
tt8372520,7
tt8372826,174
tt8373280,30
tt8373316,16
tt8373650,6
tt8374122,7
tt8374200,32
tt8374266,440
tt8375760,13
tt8376650,7
tt8376682,7
tt8376990,31
tt8377564,182
tt8377572,56
tt8377736,218
tt8378068,7
tt8380192,27
tt8380458,8
tt8382922,12
tt8383050,16
tt8383180,73
tt8383596,80
tt8383656,49
tt8384298,19
tt8384842,5
tt8385108,104
tt8385142,24
tt8385210,122
tt8385536,68
tt8386182,54
tt8386446,33
tt8386710,42
tt8387376,6
tt8389528,7
tt8389758,8
tt8389836,7
tt8390174,5
tt8390722,7
tt8390790,31
tt8390886,36
tt8391350,12
tt8391976,211
tt8393686,13
tt8393764,85
tt8393918,23
tt8394526,9
tt8396096,80
tt8396112,13
tt8396120,169
tt8396128,2392
tt8396182,7
tt8396188,665
tt8396228,56
tt8396232,11
tt8396236,250
tt8396238,343
tt8396246,5
tt8396262,282
tt8396272,27
tt8396306,20
tt8396318,37
tt8396352,9
tt8397524,68
tt8398768,370
tt8399370,16
tt8399690,168
tt8399698,21
tt8399718,246
tt8400416,82
tt8400800,74
tt8400850,47
tt8400872,14
tt8401098,12
tt8402090,7894
tt8403364,24
tt8403396,387
tt8404272,567
tt8404588,35
tt8404624,47
tt8405810,683
tt8405848,23
tt8406750,23
tt8406866,32
tt8407560,5
tt8408216,136
tt8408458,35
tt8408848,184
tt8409498,239
tt8409924,89
tt8410272,11
tt8410398,6
tt8410932,5
tt8412232,272
tt8412820,24
tt8413566,14
tt8413666,59
tt8413714,86
tt8414124,33
tt8417042,10
tt8417466,73
tt8418000,463
tt8418652,265
tt8420442,203
tt8420606,5
tt8420672,70
tt8420952,44
tt8421056,16
tt8421806,47
tt8422100,7
tt8422108,9
tt8422146,61
tt8422248,48
tt8422468,249
tt8422594,18
tt8422610,25
tt8423080,65
tt8423962,110
tt8424862,14
tt8425500,32
tt8426112,16
tt8426594,230
tt8426610,9
tt8426772,24
tt8426800,25
tt8426808,22
tt8426828,63
tt8426838,43
tt8426846,34
tt8426854,1163
tt8426964,318
tt8427026,5
tt8427036,604
tt8427068,12
tt8427164,89
tt8427166,300
tt8427168,6
tt8427252,11
tt8427416,37
tt8427486,7
tt8427504,16
tt8427708,39
tt8428316,10
tt8430866,65
tt8431140,8
tt8431210,10
tt8431692,20
tt8432066,9
tt8432854,6
tt8432890,26
tt8434380,916
tt8435268,1161
tt8435508,6
tt8435932,92
tt8436026,627
tt8436228,20
tt8437838,98
tt8438438,30
tt8438864,17
tt8438882,24
tt8439854,7445
tt8439904,12
tt8439948,23
tt8442002,7
tt8442670,26
tt8443326,43
tt8443556,55
tt8443592,149
tt8443604,8
tt8443704,1529
tt8443794,14
tt8443810,229
tt8445646,6
tt8446174,10
tt8446886,25
tt8446892,14
tt8447248,81
tt8447750,14
tt8447824,48
tt8448496,23
tt8448554,20
tt8449092,167
tt8450662,8
tt8451018,412
tt8451180,318
tt8451722,88
tt8451844,5
tt8451938,107
tt8452036,32
tt8452572,177
tt8453078,103
tt8453094,12
tt8453246,6
tt8455816,41
tt8456628,17
tt8456680,124
tt8458170,11
tt8458202,677
tt8458718,486
tt8458920,37
tt8459220,6
tt8459250,335
tt8459304,5
tt8459412,79
tt8460480,102
tt8461330,7
tt8461794,23
tt8461958,60
tt8462858,224
tt8463258,114
tt8463416,73
tt8463428,7
tt8463476,65
tt8463494,6
tt8463722,49
tt8466896,6
tt8467658,71
tt8470094,5
tt8470494,19
tt8473532,23
tt8473642,66
tt8474338,69
tt8474974,31
tt8475490,14
tt8476174,138
tt8476266,6
tt8476314,14
tt8476998,35
tt8477928,18
tt8478058,6
tt8478098,23
tt8478236,6
tt8478602,2075
tt8480368,10
tt8480982,7
tt8482074,377
tt8483272,9
tt8483812,157
tt8483980,8
tt8484038,43
tt8484230,23
tt8484586,206
tt8484590,93
tt8485446,5
tt8485462,5
tt8485526,143
tt8486464,58
tt8487580,24
tt8489090,89
tt8489104,33
tt8489732,19
tt8489884,13
tt8490838,311
tt8490894,929
tt8492176,32
tt8492566,60
tt8493028,5
tt8493472,20
tt8493514,1069
tt8493776,5
tt8495156,15
tt8495202,14
tt8495534,12
tt8495546,122
tt8495600,88
tt8495626,231
tt8496536,29
tt8496784,7
tt8497278,29
tt8497762,26
tt8498198,79
tt8498324,70
tt8498812,7
tt8499198,14
tt8499212,214
tt8500038,25
tt8500060,426
tt8500788,13
tt8501318,59
tt8503240,11
tt8503508,271
tt8503902,8
tt8505360,8
tt8505540,74
tt8505942,7
tt8506788,137
tt8506840,511
tt8506874,280
tt8507202,6
tt8507208,12
tt8507312,20
tt8507344,29
tt8507530,24
tt8508332,23
tt8509342,8
tt8510206,114
tt8510324,936
tt8510674,47
tt8512320,224
tt8512322,89
tt8512372,76
tt8512390,8
tt8512642,33
tt8512746,312
tt8512986,60
tt8513044,56
tt8513302,235
tt8514324,12
tt8514508,31
tt8514564,6
tt8514690,63
tt8514706,10
tt8514766,47
tt8514874,5
tt8515302,15
tt8515750,210
tt8515802,48
tt8515806,100
tt8517144,244
tt8517194,44
tt8517236,21
tt8517272,5
tt8517542,384
tt8517704,11
tt8520614,277
tt8520966,40
tt8521458,5
tt8521964,12
tt8522584,7
tt8523126,6
tt8523292,128
tt8523334,524
tt8524146,7
tt8524318,65
tt8525070,105
tt8525482,20
tt8526164,93
tt8526316,10
tt8526530,29
tt8526824,93
tt8528230,55
tt8528334,27
tt8528490,35
tt8528546,7
tt8528864,293
tt8529070,40
tt8529186,883
tt8529296,51
tt8530866,118
tt8531044,23
tt8531246,8
tt8531618,40
tt8531740,53
tt8532782,150
tt8532858,9
tt8534294,27
tt8535472,76
tt8535546,105
tt8535852,21
tt8535868,29
tt8535954,64
tt8537630,12
tt8537758,6
tt8539280,151
tt8539512,29
tt8539876,5
tt8540608,5
tt8541044,5
tt8541132,5
tt8541138,7
tt8541440,96
tt8541914,11
tt8542190,28
tt8543470,7
tt8544138,10
tt8544568,95
tt8545356,5
tt8545394,35
tt8546506,30
tt8548792,2248
tt8549364,7
tt8549902,57
tt8550652,41
tt8551054,75
tt8551348,7
tt8551394,7
tt8552406,20
tt8553192,160
tt8554826,68
tt8556014,25
tt8558508,5
tt8558596,85
tt8559006,54
tt8560002,5
tt8560130,9
tt8560754,18
tt8561086,1029
tt8561248,23
tt8561556,39
tt8561672,13
tt8561698,13
tt8562000,15
tt8562100,168
tt8562824,17
tt8563706,14
tt8564614,35
tt8564902,5734
tt8565278,9
tt8566864,81
tt8566988,30
tt8567168,12
tt8569230,35
tt8569610,5
tt8571242,7
tt8571578,6
tt8571630,10
tt8571716,64
tt8571958,8
tt8574170,6
tt8574212,77
tt8574252,869
tt8574270,41
tt8574848,76
tt8575408,28
tt8575428,15
tt8575442,5
tt8577178,7
tt8577370,138
tt8578572,6
tt8579238,5
tt8579840,13
tt8580240,29
tt8580348,593
tt8580428,38
tt8580466,37
tt8580948,33
tt8581198,89
tt8581366,474
tt8581872,32
tt8582104,6
tt8583378,354
tt8583694,149
tt8583970,8
tt8585080,10
tt8585484,11
tt8585610,16
tt8586256,15
tt8586880,58
tt8587122,229
tt8587142,139
tt8587280,8
tt8589056,8
tt8589358,86
tt8589718,17
tt8589746,7
tt8589792,57
tt8590896,5276
tt8590936,25
tt8590992,58
tt8591008,43
tt8591070,42
tt8591914,7
tt8591986,288
tt8592222,143
tt8593538,66
tt8593814,47
tt8593930,102
tt8594206,7
tt8594582,41
tt8594656,18
tt8594732,6
tt8594948,8
tt8595478,7
tt8595480,89
tt8595574,142
tt8595622,64
tt8595630,122
tt8595708,379
tt8596716,19
tt8597286,65
tt8598142,12
tt8598532,131
tt8601284,47
tt8601408,26
tt8601550,12
tt8601626,15
tt8602500,8
tt8602654,657
tt8602902,5
tt8610794,105
tt8610996,18
tt8611016,41
tt8611064,8
tt8612254,12
tt8612678,28
tt8612792,41
tt8612886,9
tt8614536,676
tt8615746,5
tt8615816,84
tt8617064,8
tt8617648,140
tt8617992,19
tt8618118,213
tt8618712,35
tt8619812,527
tt8619956,775
tt8620146,5
tt8621360,10
tt8621494,7
tt8621562,28
tt8622278,6
tt8623162,49
tt8628960,27
tt8629308,54
tt8630054,81
tt8630292,23
tt8630424,54
tt8630952,13
tt8631800,19
tt8632844,97
tt8632862,10271
tt8633088,6
tt8633296,613
tt8633950,201
tt8634328,114
tt8634348,97
tt8634368,68
tt8634406,17
tt8635054,28
tt8635076,160
tt8637302,13
tt8637534,65
tt8637950,6
tt8637970,6
tt8638420,563
tt8638524,423
tt8638638,36
tt8638750,30
tt8640848,5
tt8644126,42
tt8645290,54
tt8645918,18
tt8646884,6
tt8647924,313
tt8648126,8
tt8648744,32
tt8649020,7
tt8649118,6
tt8649148,49
tt8649454,37
tt8649560,5
tt8649636,58
tt8650030,99
tt8650146,7
tt8650270,232
tt8650508,21
tt8651064,63
tt8652518,7
tt8652564,16
tt8653470,16
tt8653606,14
tt8653640,11
tt8653820,19
tt8653824,114
tt8653840,30
tt8655618,27
tt8655740,28
tt8656192,10
tt8656696,27
tt8657468,263
tt8657692,21
tt8657696,117
tt8657824,226
tt8658676,6
tt8659050,47
tt8660416,8
tt8660600,87
tt8660842,137
tt8661056,17
tt8661062,16
tt8661066,11
tt8661074,75
tt8661084,49
tt8661166,6
tt8661178,17
tt8661260,20
tt8661302,6
tt8661404,5
tt8661494,5
tt8661510,8
tt8661580,35
tt8661814,925
tt8661880,60
tt8662114,11
tt8662426,7
tt8663942,10
tt8665546,99
tt8665606,23
tt8665624,13
tt8665634,1364
tt8665708,9
tt8665746,1290
tt8665784,88
tt8665790,61
tt8665794,222
tt8665806,40
tt8665816,8
tt8665824,23
tt8665840,150
tt8665900,81
tt8666168,5
tt8666442,39
tt8666494,23
tt8666936,18
tt8667266,10
tt8668312,42
tt8669070,297
tt8669090,40
tt8669104,17
tt8669354,63
tt8669826,6
tt8671138,19
tt8671462,106
tt8671526,9
tt8671762,15
tt8672508,18
tt8672516,57
tt8672520,35
tt8673620,8
tt8673950,23
tt8674158,46
tt8674418,30
tt8675230,8
tt8675532,300
tt8676044,134
tt8676760,6
tt8676944,6
tt8676984,19
tt8677444,31
tt8678074,12
tt8679160,28
tt8680274,10
tt8680974,341
tt8681694,36
tt8682096,94
tt8682622,6
tt8682630,22
tt8682654,28
tt8682894,22
tt8685250,68
tt8685650,5
tt8685802,104
tt8686074,97
tt8686304,14
tt8686460,6
tt8688024,26
tt8688048,50
tt8688202,5
tt8688912,350
tt8690764,20
tt8690886,20
tt8690956,32
tt8694294,21
tt8694588,109
tt8696440,639
tt8696442,66
tt8696876,18
tt8697026,32
tt8697368,18
tt8697388,59
tt8697718,24
tt8698560,40
tt8698956,212
tt8700620,5
tt8701132,21
tt8702008,37
tt8702506,15
tt8702938,690
tt8704484,14
tt8705220,7
tt8705364,6
tt8705434,5
tt8706852,14
tt8706874,116
tt8707374,1059
tt8707516,52
tt8708782,34
tt8709036,4928
tt8709344,41
tt8709508,21
tt8710128,86
tt8710234,16
tt8710974,33
tt8711506,23
tt8713190,163
tt8713338,11
tt8714308,42
tt8714366,7
tt8714508,5
tt8714776,10
tt8716014,21
tt8716236,5
tt8717008,29
tt8717974,24
tt8718188,5
tt8718580,636
tt8718786,15
tt8718814,19
tt8720458,268
tt8721634,8
tt8721668,341
tt8721942,56
tt8722252,338
tt8723216,7
tt8723270,16
tt8723756,13
tt8723836,375
tt8723904,28
tt8724094,7
tt8725480,41
tt8725518,85
tt8725958,202
tt8726008,83
tt8726098,286
tt8726116,276
tt8726174,22
tt8726442,165
tt8727494,33
tt8727860,9
tt8730152,447
tt8731042,89
tt8731118,39
tt8731138,113
tt8731156,52
tt8731308,10
tt8731842,72
tt8733014,251
tt8733256,32
tt8733898,1445
tt8734578,40
tt8736994,32
tt8737108,70
tt8737130,32
tt8737640,57
tt8737680,17
tt8737938,98
tt8738288,7
tt8738964,2293
tt8739208,16
tt8739280,24
tt8741612,12
tt8742774,63
tt8743078,9
tt8744094,491
tt8744608,53
tt8745006,6
tt8746914,36
tt8747102,27
tt8747288,85
tt8747304,99
tt8747596,268
tt8748256,687
tt8748608,852
tt8749074,48
tt8749146,189
tt8749962,471
tt8751576,14
tt8751804,518
tt8751994,19
tt8752420,8
tt8752502,14
tt8753660,590
tt8755156,10
tt8755316,922
tt8755418,15
tt8755426,54
tt8756098,19
tt8757162,17
tt8757960,517
tt8758548,191
tt8759138,5
tt8759436,14
tt8760550,443
tt8761382,73
tt8763008,196
tt8763948,17
tt8764056,32
tt8764384,6
tt8764582,16
tt8765496,2054
tt8765636,19
tt8765700,122
tt8765772,6
tt8766224,39
tt8767626,29
tt8768884,25
tt8769032,2087
tt8769208,23
tt8769282,5
tt8769310,28
tt8769528,48
tt8769766,40
tt8769918,11
tt8770752,5
tt8772926,33
tt8773700,97
tt8774260,220
tt8774490,50
tt8774622,43
tt8774708,31
tt8774994,9
tt8775012,7
tt8775056,384
tt8775270,7
tt8775580,14
tt8776958,49
tt8777022,548
tt8778402,6
tt8779020,9
tt8779022,22
tt8780634,60
tt8780788,6
tt8781414,205
tt8781538,30
tt8782542,286
tt8783146,25
tt8783194,6
tt8784906,488
tt8785010,5
tt8785138,9
tt8785154,156
tt8785256,20
tt8785380,32
tt8785408,8
tt8785420,5
tt8785486,160
tt8785496,7
tt8787116,195
tt8787226,5
tt8787284,114
tt8788334,12
tt8788634,121
tt8789704,10
tt8790314,23
tt8790624,101
tt8790662,71
tt8791476,13
tt8792492,16
tt8792882,33
tt8792898,144
tt8793220,19
tt8793606,10
tt8793990,44
tt8794674,23
tt8794944,48
tt8795582,195
tt8797064,19
tt8797138,56
tt8798274,169
tt8800108,10
tt8800806,9
tt8800984,6
tt8802088,30
tt8803596,15
tt8804284,149
tt8804304,24
tt8804436,134
tt8804776,6
tt8805246,181
tt8805374,80
tt8805486,404
tt8806104,33
tt8806770,74
tt8806874,31
tt8809978,23
tt8810210,5
tt8811136,13
tt8811382,102
tt8811440,6
tt8814620,46
tt8814978,18
tt8816130,108
tt8819168,21
tt8819170,41
tt8819180,54
tt8819192,9
tt8819596,31
tt8820194,30
tt8820590,2096
tt8821182,49
tt8822274,120
tt8822370,52
tt8822390,53
tt8822402,418
tt8824462,10
tt8824852,24
tt8824878,15
tt8825052,39
tt8825182,6
tt8825268,19
tt8826496,90
tt8826936,114
tt8826960,12
tt8826992,906
tt8828278,25
tt8828348,176
tt8828434,32
tt8829616,37
tt8829832,14
tt8829850,9
tt8830276,29
tt8831284,268
tt8832114,316
tt8833552,60
tt8834430,273
tt8834524,50
tt8835072,5
tt8835552,132
tt8835640,18
tt8836292,93
tt8836342,37
tt8836382,34
tt8836476,99
tt8836746,21
tt8837018,220
tt8837044,130
tt8837842,22
tt8838810,153
tt8839438,6
tt8839634,151
tt8840492,50
tt8840882,14
tt8841148,102
tt8841198,8
tt8841392,20
tt8841814,23
tt8841930,11
tt8842018,69
tt8842066,78
tt8842380,5
tt8842764,80
tt8843162,5
tt8844204,54
tt8844888,148
tt8845420,6
tt8845432,81
tt8845560,47
tt8845840,293
tt8846072,76
tt8846198,138
tt8846840,45
tt8846862,79
tt8847018,57
tt8847574,12
tt8848706,19
tt8850510,17
tt8851190,23
tt8851198,38
tt8852046,5
tt8852068,11
tt8852242,39
tt8852284,10
tt8852302,29
tt8852312,42
tt8852394,27
tt8852558,1568
tt8852620,7
tt8852654,7
tt8852690,17
tt8853592,9
tt8855888,8
tt8855948,12
tt8856040,17
tt8856070,7
tt8856172,10
tt8856222,16
tt8856714,7
tt8856912,5
tt8856944,52
tt8857590,216
tt8857610,51
tt8858866,7
tt8860786,7
tt8861786,82
tt8862524,138
tt8865562,259
tt8865580,197
tt8866064,336
tt8866176,44
tt8869128,7
tt8869486,37
tt8870036,8
tt8870208,31
tt8870382,5
tt8871704,13
tt8873348,179
tt8873460,7
tt8873624,9
tt8874052,10
tt8875366,151
tt8879390,116
tt8879660,49
tt8879666,18
tt8879926,84
tt8879946,60
tt8880514,5
tt8883524,39
tt8883658,7
tt8884004,10
tt8884336,69
tt8884430,11
tt8884452,22
tt8886032,42
tt8886110,65
tt8886288,8
tt8887160,45
tt8887720,28
tt8887736,17
tt8887774,10
tt8887846,55
tt8887848,21
tt8887958,28
tt8890222,16
tt8890230,111
tt8890454,23
tt8890690,82
tt8891536,178
tt8892138,16
tt8892188,19
tt8892660,114
tt8893608,380
tt8893870,66
tt8894180,249
tt8895032,11
tt8895578,13
tt8896336,11
tt8896396,6
tt8896640,31
tt8896670,80
tt8896924,8
tt8897390,53
tt8898054,6
tt8898164,28
tt8898314,10
tt8898442,180
tt8898498,112
tt8898544,86
tt8900082,211
tt8900098,56
tt8900116,6
tt8900142,73
tt8900172,248
tt8900302,53
tt8900434,83
tt8900984,92
tt8901582,21
tt8901722,8
tt8901940,11
tt8901942,39
tt8901958,5
tt8902814,10
tt8903368,5
tt8903938,13
tt8904630,71
tt8905022,110
tt8905928,5
tt8907932,403
tt8907960,71
tt8908006,396
tt8908048,152
tt8908514,40
tt8912318,67
tt8912884,12
tt8914362,21
tt8914698,62
tt8915068,51
tt8916604,9
tt8916608,27
tt8916694,54
tt8917752,98
tt8917774,45
tt8917792,39
tt8917920,25
tt8917930,19
tt8917936,8
tt8917952,19
tt8917964,5
tt8917980,5
tt8918042,128
tt8918110,32
tt8919194,48
tt8921800,8
tt8922538,16
tt8922682,12
tt8923116,7
tt8923800,5
tt8924518,34
tt8924952,5
tt8925102,11
tt8925448,5
tt8925540,112
tt8928634,9
tt8929704,12
tt8929718,5
tt8929908,14
tt8929946,17
tt8930424,20
tt8932884,127
tt8933330,9
tt8933710,5
tt8936306,22
tt8936588,9
tt8937100,9
tt8937508,7
tt8938526,27
tt8938846,13
tt8941316,37
tt8941334,31
tt8942260,9
tt8943042,12
tt8943440,5
tt8947034,37
tt8947488,75
tt8947544,5
tt8948308,8
tt8948342,19
tt8948614,639
tt8948974,13
tt8949410,88
tt8951058,354
tt8951086,29
tt8954536,12
tt8954732,13167
tt8956390,387
tt8956464,345
tt8958304,6
tt8959742,61
tt8960204,120
tt8961266,115
tt8961466,15
tt8962486,197
tt8962996,295
tt8963184,5
tt8963248,79
tt8965466,8
tt8966322,6
tt8968484,25
tt8968758,22
tt8968844,17
tt8969332,67
tt8969962,5
tt8971216,7
tt8972478,10
tt8972488,21
tt8972562,9
tt8972568,41
tt8973520,63
tt8974780,30
tt8974850,549
tt8976032,133
tt8976472,19
tt8976608,11
tt8976760,15
tt8977122,123
tt8977440,19
tt8978846,35
tt8979990,11
tt8980390,9
tt8982034,5
tt8982436,22
tt8982506,6
tt8983036,10
tt8983138,10
tt8983240,5
tt8984032,6
tt8984670,7
tt8985618,39
tt8986274,8
tt8986842,302
tt8986906,22
tt8987258,8
tt8987600,9
tt8987922,210
tt8988660,70
tt8988988,18
tt8991200,39
tt8991416,10
tt8994170,18
tt8996488,5
tt8996508,6
tt8998472,1883
tt8998634,24
tt9000062,11
tt9001548,14
tt9002058,10
tt9004396,13
tt9004736,5
tt9004756,10
tt9004986,6
tt9005376,33
tt9005462,26
tt9006040,19
tt9007142,519
tt9009474,9
tt9009604,30
tt9010228,8
tt9011126,33
tt9011390,5
tt9014720,10
tt9014884,270
tt9014996,19
tt9015532,192
tt9015538,5
tt9015764,12
tt9015842,6
tt9016006,66
tt9016296,47
tt9018542,36
tt9018570,47
tt9018898,8
tt9020130,42
tt9020334,5
tt9020428,14
tt9020586,8
tt9020602,8
tt9020648,26
tt9020894,329
tt9021140,602
tt9021184,52
tt9021508,16
tt9024076,5
tt9024126,7
tt9024440,14
tt9024664,20
tt9025040,6
tt9025104,13
tt9025112,31
tt9025208,9
tt9025318,18
tt9025650,16
tt9026024,300
tt9026136,6
tt9026262,12
tt9027438,19
tt9030228,11
tt9030432,283
tt9030752,5
tt9030796,7
tt9030814,6
tt9031490,23
tt9031530,21
tt9031644,6
tt9032124,20
tt9032866,14
tt9032914,18
tt9033134,36
tt9033432,18
tt9033494,11
tt9033534,6
tt9034180,104
tt9034308,57
tt9034530,169
tt9036926,68
tt9037222,116
tt9038026,5
tt9038166,8
tt9038270,6
tt9038976,85
tt9039158,12
tt9042690,41
tt9044128,318
tt9045270,9
tt9045508,9
tt9046772,45
tt9046850,56
tt9046852,80
tt9046926,6
tt9047010,15
tt9047474,76
tt9048026,67
tt9048790,12
tt9050098,6
tt9050268,14
tt9052852,6
tt9052864,23
tt9052890,9
tt9053132,30
tt9053432,5
tt9053472,6
tt9053858,8
tt9053906,121
tt9055926,110
tt9056146,17
tt9056174,8
tt9056522,7
tt9056646,39
tt9056818,11
tt9057154,29
tt9057168,23
tt9058902,213
tt9059202,39
tt9059806,24
tt9060042,35
tt9060058,173
tt9060390,60
tt9060598,8
tt9060712,6
tt9060866,31
tt9061198,6
tt9061764,13
tt9062342,479
tt9063106,1991
tt9063518,43
tt9063684,190
tt9064028,62
tt9064564,13
tt9064614,16
tt9064624,6
tt9065180,24
tt9066236,10
tt9066502,70
tt9066702,50
tt9067270,10
tt9068182,8
tt9068190,9
tt9068998,18
tt9070794,13
tt9070934,43
tt9071066,46
tt9071764,347
tt9074110,7
tt9074150,10
tt9074158,20
tt9074344,12
tt9076570,40
tt9077694,10
tt9077744,12
tt9078014,31
tt9078042,6
tt9078374,282
tt9078412,6
tt9079952,14
tt9080710,6
tt9081188,36
tt9081300,79
tt9081418,8
tt9081472,217
tt9081562,409
tt9081572,136
tt9081774,100
tt9081930,54
tt9082142,11
tt9083724,23
tt9084682,5
tt9084890,59
tt9085726,28
tt9088588,37
tt9089294,1373
tt9089908,46
tt9090362,6
tt9094002,106
tt9094112,9
tt9094134,42
tt9094484,29
tt9094782,22
tt9094788,9
tt9094846,31
tt9094980,30
tt9095324,1809
tt9097086,33
tt9097546,66
tt9097864,5
tt9098914,14
tt9101048,8
tt9104296,14
tt9104382,8
tt9104906,38
tt9105508,103
tt9105702,9
tt9106530,6
tt9107368,486
tt9108390,7
tt9109206,26
tt9109306,1431
tt9109822,18
tt9109976,9
tt9110376,8
tt9110566,18
tt9112578,10
tt9113216,27
tt9113772,10
tt9113970,13
tt9114436,31
tt9115662,7
tt9116094,50
tt9116320,49
tt9118870,395
tt9120974,27
tt9121144,43
tt9121194,11
tt9121254,56
tt9121568,8
tt9121612,8
tt9121650,153
tt9124244,19
tt9124428,3297
tt9124532,23
tt9124840,41
tt9125746,44
tt9125958,20
tt9125992,33
tt9128216,6
tt9128686,75
tt9129406,68
tt9129428,14
tt9129500,8
tt9129726,5
tt9129734,141
tt9129808,85
tt9129920,9
tt9130246,533
tt9130552,54
tt9130674,25
tt9130810,36
tt9134204,18
tt9135556,82
tt9135740,42
tt9135762,10
tt9135772,71
tt9135854,1056
tt9135870,54
tt9135938,12
tt9136292,6
tt9139040,23
tt9139412,80
tt9139660,9
tt9139664,39
tt9140306,25
tt9140572,8
tt9140758,21
tt9140990,9
tt9141128,280
tt9143166,42
tt9143304,547
tt9143604,8
tt9143942,11
tt9144530,6
tt9144672,970
tt9145448,12
tt9146130,14
tt9146318,6
tt9146462,64
tt9149030,54
tt9149314,10
tt9149838,6
tt9149916,6
tt9149982,158
tt9150394,23
tt9150950,25
tt9151172,6
tt9151704,1990
tt9153006,11
tt9153044,15
tt9154566,184
tt9154776,25
tt9154944,5
tt9155048,23
tt9155302,5
tt9156080,6
tt9156204,16
tt9159000,10
tt9159056,58
tt9159816,55
tt9159838,5
tt9160672,8
tt9163266,32
tt9163340,94
tt9164818,6
tt9165526,30
tt9165634,3393
tt9165666,11
tt9169974,203
tt9172182,17
tt9173268,23
tt9173962,13
tt9174006,13
tt9174008,5
tt9174334,73
tt9174388,71
tt9174410,218
tt9174792,11
tt9174800,41
tt9174880,5
tt9176214,7
tt9176224,41
tt9176638,11
tt9177746,82
tt9177892,19
tt9177988,515
tt9178078,5
tt9178814,155
tt9178986,10
tt9179226,64
tt9180358,8
tt9181208,5
tt9181316,7
tt9181914,46
tt9182202,21
tt9184066,7
tt9184150,47
tt9184964,5
tt9185526,63
tt9187344,15
tt9187974,6
tt9189566,22
tt9189882,6
tt9190404,23
tt9190740,32
tt9192492,22
tt9192942,47
tt9193520,15
tt9196380,12
tt9198396,8
tt9198702,5
tt9198710,16
tt9200668,9
tt9203030,47
tt9203168,904
tt9204352,161
tt9204408,197
tt9204410,10
tt9205986,44
tt9206562,1095
tt9206798,356
tt9207710,12
tt9209266,7
tt9209288,5
tt9209662,27
tt9211934,6
tt9212350,7
tt9212666,108
tt9213792,24
tt9213992,5
tt9214660,8
tt9214972,11
tt9215272,7
tt9218240,6
tt9219848,9
tt9220710,5
tt9220746,5
tt9221008,45
tt9221238,201
tt9223212,21
tt9225192,416
tt9225774,5
tt9226154,463
tt9226494,27
tt9227182,164
tt9228892,13
tt9230582,10
tt9231140,4133
tt9232092,6
tt9233860,29
tt9236264,17
tt9237698,5
tt9238352,10
tt9243038,20
tt9244614,158
tt9244706,6
tt9244912,7
tt9248032,57
tt9248252,19
tt9248458,7
tt9248740,101
tt9248748,8
tt9248762,6
tt9248880,7
tt9249158,58
tt9249296,7
tt9249316,19
tt9250156,28
tt9252486,7
tt9253188,92
tt9253760,7
tt9259348,6
tt9260442,17
tt9260454,6
tt9260926,12
tt9261284,181
tt9261416,6
tt9261624,53
tt9261690,93
tt9264234,19
tt9265300,8
tt9266104,19
tt9266172,9
tt9266608,181
tt9267912,5
tt9270416,85
tt9272368,34
tt9273800,10
tt9274824,233
tt9275202,126
tt9277762,13
tt9278074,79
tt9278264,19
tt9279172,24
tt9279362,646
tt9279582,8
tt9282360,7
tt9282616,827
tt9283056,136
tt9290986,6
tt9292510,69
tt9293690,7
tt9293926,54
tt9296214,7
tt9296464,38
tt9296694,9
tt9297624,11
tt9297632,5
tt9297754,78
tt9298074,6
tt9298548,16
tt9301884,90
tt9303696,5
tt9303764,21
tt9308406,31
tt9309046,36
tt9309146,7
tt9310280,335
tt9310340,5
tt9310460,31
tt9311308,5
tt9316022,1815
tt9316594,7
tt9316658,17
tt9318514,9
tt9318706,6
tt9319960,62
tt9320302,11
tt9321408,7
tt9321572,61
tt9324614,6
tt9327304,13
tt9327378,7
tt9327584,18
tt9328132,47
tt9331322,12
tt9331638,7
tt9333204,5
tt9334162,636
tt9336024,5
tt9336096,10
tt9336300,12
tt9336816,52
tt9337032,19
tt9337248,26
tt9339958,287
tt9341628,202
tt9342846,56
tt9343816,50
tt9343826,797
tt9344306,5
tt9345552,7
tt9346782,6
tt9346816,9
tt9347672,41
tt9348768,9
tt9349046,29
tt9349770,10
tt9352426,8
tt9354500,11
tt9355184,19
tt9356220,19
tt9356444,30
tt9357044,5
tt9357404,39
tt9357626,6
tt9357782,6
tt9359680,15
tt9359942,5
tt9363208,59
tt9363366,7
tt9365634,62
tt9369332,95
tt9371780,34
tt9372786,49
tt9372808,20
tt9373796,11
tt9378760,18
tt9378850,47
tt9379030,14
tt9379674,13
tt9381432,5
tt9385046,15
tt9386922,22
tt9389132,12
tt9389802,238
tt9389870,10
tt9389924,28
tt9392532,8
tt9395384,14
tt9395812,5
tt9396050,220
tt9397492,5
tt9398222,42
tt9399192,27
tt9402530,17
tt9402676,221
tt9403928,20
tt9407156,9
tt9407198,9
tt9408490,176
tt9409854,51
tt9415552,941
tt9419600,189
tt9419838,211
tt9423080,6
tt9426186,1770
tt9426482,48
tt9426540,5
tt9428142,13
tt9430524,20
tt9430740,5
tt9431078,6
tt9431498,21
tt9434778,14
tt9436970,11
tt9438926,12
tt9441050,6
tt9445054,181
tt9447662,8
tt9447728,23
tt9448284,8
tt9448656,6
tt9449962,24
tt9459550,72
tt9460430,85
tt9460580,43
tt9466320,29
tt9466960,11
tt9471952,134
tt9472442,62
tt9472658,88
tt9476490,470
tt9479454,18
tt9479806,31
tt9490414,115
tt9493038,28
tt9494300,9
tt9495224,85045
tt9496406,23
tt9497146,56
tt9497178,5
tt9499398,28
tt9509866,83
tt9512938,25
tt9517188,7
tt9527740,83
tt9536636,9
tt9536754,5
tt9537264,10
tt9540566,5
tt9546954,18
tt9548962,43
tt9568074,25
tt9568668,6
tt9569306,5
tt9573740,16
tt9584192,48
tt9588298,13
tt9591082,15
tt9593792,25
tt9598270,15
tt9615068,6
tt9615680,123
tt9615856,6
tt9617614,15
tt9619446,7
tt9624638,10
tt9631128,6
tt9638582,12
tt9646364,6
tt9647330,37
tt9647346,6
tt9647790,6
tt9652322,31
tt9657910,6
tt9662422,42
tt9670284,12
tt9675928,5
tt9691896,5
tt9695156,11
tt9715914,14
tt9717144,6
tt9723084,11
tt9742106,5
tt9743544,5
tt9758482,13
tt9758582,10
tt9772312,7
tt9777830,52
tt9805820,14
tt9806304,17
tt9810480,5
tt9833362,6
tt9844256,8
tt9844650,8
tt9845012,10
tt9855990,32
tt9858794,7
tt9866284,5
tt9866700,196
tt9870612,17
tt9878504,5
tt9908960,6
